question,ground_truth
Những người có họ trong phạm vi ba đời gồm những ai?,"Căn cứ tại khoản 18 Điều 3 Luật Hôn nhân và gia đình 2014 quy định về những người có họ trong phạm vi ba đời như sau:

Điều 3. Giải thích từ ngữ

Trong Luật này, các từ ngữ dưới đây được hiểu như sau:

[...]

17. Những người cùng dòng máu về trực hệ là những người có quan hệ huyết thống, trong đó, người này sinh ra người kia kế tiếp nhau.

18. Những người có họ trong phạm vi ba đời là những người cùng một gốc sinh ra gồm cha mẹ là đời thứ nhất; anh, chị, em cùng cha mẹ, cùng cha khác mẹ, cùng mẹ khác cha là đời thứ hai; anh, chị, em con chú, con bác, con cô, con cậu, con dì là đời thứ ba.

19. Người thân thích là người có quan hệ hôn nhân, nuôi dưỡng, người có cùng dòng máu về trực hệ và người có họ trong phạm vi ba đời.

[...]

Như vậy, những người có họ trong phạm vi ba đời là những người cùng một gốc sinh ra gồm:

- Đời thứ nhất là cha mẹ;

- Đời thứ hai là anh, chị, em cùng cha mẹ, cùng cha khác mẹ, cùng mẹ khác cha;

- Đời thứ ba là anh, chị, em con chú, con bác, con cô, con cậu, con dì."
Có được đăng ký kết hôn trong phạm vi ba đời không? Tại sao cấm kết hôn trong phạm vi ba đời?,"Căn cứ theo Điều 8 Luật Hôn nhân và gia đình 2014 quy định về điều kiện kết hôn như sau:

Điều 8. Điều kiện kết hôn

1. Nam, nữ kết hôn với nhau phải tuân theo các điều kiện sau đây:

a) Nam từ đủ 20 tuổi trở lên, nữ từ đủ 18 tuổi trở lên;

b) Việc kết hôn do nam và nữ tự nguyện quyết định;

c) Không bị mất năng lực hành vi dân sự;

d) Việc kết hôn không thuộc một trong các trường hợp cấm kết hôn theo quy định tại các điểm a, b, c và d khoản 2 Điều 5 của Luật này.

2. Nhà nước không thừa nhận hôn nhân giữa những người cùng giới tính.

Căn cứ theo Điều 5 Luật Hôn nhân và gia đình 2014 quy định về bảo vệ chế độ hôn nhân và gia đình như sau:

Điều 5. Bảo vệ chế độ hôn nhân và gia đình

1. Quan hệ hôn nhân và gia đình được xác lập, thực hiện theo quy định của Luật này được tôn trọng và được pháp luật bảo vệ.

2. Cấm các hành vi sau đây:

a) Kết hôn giả tạo, ly hôn giả tạo;

b) Tảo hôn, cưỡng ép kết hôn, lừa dối kết hôn, cản trở kết hôn;

c) Người đang có vợ, có chồng mà kết hôn hoặc chung sống như vợ chồng với người khác hoặc chưa có vợ, chưa có chồng mà kết hôn hoặc chung sống như vợ chồng với người đang có chồng, có vợ;

d) Kết hôn hoặc chung sống như vợ chồng giữa những người cùng dòng máu về trực hệ; giữa những người có họ trong phạm vi ba đời; giữa cha, mẹ nuôi với con nuôi; giữa người đã từng là cha, mẹ nuôi với con nuôi, cha chồng với con dâu, mẹ vợ với con rể, cha dượng với con riêng của vợ, mẹ kế với con riêng của chồng;

đ) Yêu sách của cải trong kết hôn;

e) Cưỡng ép ly hôn, lừa dối ly hôn, cản trở ly hôn;

g) Thực hiện sinh con bằng kỹ thuật hỗ trợ sinh sản vì mục đích thương mại, mang thai hộ vì mục đích thương mại, lựa chọn giới tính thai nhi, sinh sản vô tính;

h) Bạo lực gia đình;

i) Lợi dụng việc thực hiện quyền về hôn nhân và gia đình để mua bán người, bóc lột sức lao động, xâm phạm tình dục hoặc có hành vi khác nhằm mục đích trục lợi.

3. Mọi hành vi vi phạm pháp luật về hôn nhân và gia đình phải được xử lý nghiêm minh, đúng pháp luật.

Cơ quan, tổ chức, cá nhân có quyền yêu cầu Tòa án, cơ quan khác có thẩm quyền áp dụng biện pháp kịp thời ngăn chặn và xử lý người có hành vi vi phạm pháp luật về hôn nhân và gia đình.

[...]

Theo đó, kết hôn trong phạm vi ba đời thuộc một trong những hành vi bị pháp luật cấm trong bảo vệ chế độ hôn nhân và gia đình.

Không chỉ theo pháp luật cấm mà còn theo y học, khi kết hôn giữa những người có họ hàng gần thì đời con có tỷ lệ kiểu gen dị hợp giảm, đồng hợp tăng, tạo điều kiện cho các gen lặn có hại biểu hiện ra kiểu hình. Do vậy, khi đẻ ra, con cái thường bị dị tật. quái thai,…

Như vậy, không được đăng ký kết hôn trong phạm vi ba đời."
Mức xử phạt đối với hành vi kết hôn giữa những người có họ trong phạm vi ba đời là bao nhiêu?,"Căn cứ tại điểm a khoản 2 Điều 59 Nghị định 82/2020/NĐ-CP quy định về hành vi vi phạm quy định về kết hôn như sau:

Điều 59. Hành vi vi phạm quy định về kết hôn, ly hôn và vi phạm chế độ hôn nhân một vợ, một chồng

[...]

2. Phạt tiền từ 10.000.000 đồng đến 20.000.000 đồng đối với một trong các hành vi sau:

a) Kết hôn hoặc chung sống như vợ chồng giữa những người cùng dòng máu về trực hệ hoặc giữa những người có họ trong phạm vi ba đời;

b) Kết hôn hoặc chung sống như vợ chồng giữa cha, mẹ nuôi với con nuôi;

c) Cưỡng ép kết hôn hoặc lừa dối kết hôn; cưỡng ép ly hôn hoặc lừa dối ly hôn;

d) Lợi dụng việc kết hôn để xuất cảnh, nhập cảnh, cư trú, nhập quốc tịch Việt Nam, quốc tịch nước ngoài; hưởng chế độ ưu đãi của Nhà nước hoặc để đạt được mục đích khác mà không nhằm mục đích xây dựng gia đình;

[...]

Như vậy, mức xử phạt đối với hành vi kết hôn giữa những người có họ trong phạm vi ba đời có thể bị phạt tiền từ 10.000.000 đồng đến 20.000.000 đồng."
Kết hôn cận huyết là gì?,"Căn cứ Điều 5 Luật Hôn nhân và gia đình 2014 quy định bảo vệ chế độ hôn nhân và gia đình:

Điều 5. Bảo vệ chế độ hôn nhân và gia đình

1. Quan hệ hôn nhân và gia đình được xác lập, thực hiện theo quy định của Luật này được tôn trọng và được pháp luật bảo vệ.

2. Cấm các hành vi sau đây:

a) Kết hôn giả tạo, ly hôn giả tạo;

b) Tảo hôn, cưỡng ép kết hôn, lừa dối kết hôn, cản trở kết hôn;

c) Người đang có vợ, có chồng mà kết hôn hoặc chung sống như vợ chồng với người khác hoặc chưa có vợ, chưa có chồng mà kết hôn hoặc chung sống như vợ chồng với người đang có chồng, có vợ;

d) Kết hôn hoặc chung sống như vợ chồng giữa những người cùng dòng máu về trực hệ; giữa những người có họ trong phạm vi ba đời; giữa cha, mẹ nuôi với con nuôi; giữa người đã từng là cha, mẹ nuôi với con nuôi, cha chồng với con dâu, mẹ vợ với con rể, cha dượng với con riêng của vợ, mẹ kế với con riêng của chồng;

[...]

Theo quy định trên, có thể hiểu kết hôn cận huyết là việc kết hôn hoặc chung sống như vợ chồng giữa những người có cùng dòng máu trực hệ hoặc người có họ trong phạm vi ba đời.

Các khái niệm về cùng dòng máu trực hệ và cùng có họ trong phạm vi ba đời được quy định cụ thể tại khoản 17 và khoản 18 Điều 3 Luật Hôn nhân và gia đình 2014 như sau:

- Những người có cùng dòng máu về trực hệ được quy định những người có quan hệ huyết thống với nhau, theo đó, người này sinh ra người kia kế tiếp nhau. Ví dụ như giữa cha mẹ đẻ và con đẻ.

- Những người có họ trong phạm vi ba đời được hiểu là những người cùng một gốc được sinh ra. Bao gồm:

+ Đời thứ nhất gồm cha, mẹ;

+ Đời thứ hai bao gồm anh, chị, em cùng cha mẹ; anh, chị, em cùng mẹ khác cha và anh, chị, em cùng cha khác mẹ;

+ Đời thứ ba bao gồm anh, chị, em con cậu, con bác, con chú, con cô, con dì;

Như vậy, kết hôn cận huyết là hôn nhân giữa những người thuộc một trong các trường hợp nêu trên."
Hôn nhân cận huyết có được đăng ký kết hôn?,"Căn cứ Điều 8 Luật Hôn nhân và gia đình 2014 quy định điều kiện kết hôn:

Điều 8. Điều kiện kết hôn

1. Nam, nữ kết hôn với nhau phải tuân theo các điều kiện sau đây:

a) Nam từ đủ 20 tuổi trở lên, nữ từ đủ 18 tuổi trở lên;

b) Việc kết hôn do nam và nữ tự nguyện quyết định;

c) Không bị mất năng lực hành vi dân sự;

d) Việc kết hôn không thuộc một trong các trường hợp cấm kết hôn theo quy định tại các điểm a, b, c và d khoản 2 Điều 5 của Luật này.

2. Nhà nước không thừa nhận hôn nhân giữa những người cùng giới tính.

Căn cứ Điều 5 Luật Hôn nhân và gia đình 2014 quy định bảo vệ chế độ hôn nhân và gia đình:

Điều 5. Bảo vệ chế độ hôn nhân và gia đình

1. Quan hệ hôn nhân và gia đình được xác lập, thực hiện theo quy định của Luật này được tôn trọng và được pháp luật bảo vệ.

2. Cấm các hành vi sau đây:

a) Kết hôn giả tạo, ly hôn giả tạo;

b) Tảo hôn, cưỡng ép kết hôn, lừa dối kết hôn, cản trở kết hôn;

c) Người đang có vợ, có chồng mà kết hôn hoặc chung sống như vợ chồng với người khác hoặc chưa có vợ, chưa có chồng mà kết hôn hoặc chung sống như vợ chồng với người đang có chồng, có vợ;

d) Kết hôn hoặc chung sống như vợ chồng giữa những người cùng dòng máu về trực hệ; giữa những người có họ trong phạm vi ba đời; giữa cha, mẹ nuôi với con nuôi; giữa người đã từng là cha, mẹ nuôi với con nuôi, cha chồng với con dâu, mẹ vợ với con rể, cha dượng với con riêng của vợ, mẹ kế với con riêng của chồng;

[...]

Như vậy, từ những quy định trên có thể thấy hôn nhân cận huyết là một trong những trường hợp cấm theo quy định của Luật Hôn nhân và gia đình 2014 . Do đó, hôn nhân cận huyết không được đăng ký kết hôn."
Kết hôn cận huyết bị phạt thế nào?,"Do kết hôn cận huyết là một trong những hành vi bị pháp luật nghiêm cấm. Hiện nay, hành vi này được quy định mức xử phạt hành chính tại điểm a khoản 2 Điều 59 Nghị định 82/2020/NĐ-CP như sau:

Điều 59. Hành vi vi phạm quy định về kết hôn, ly hôn và vi phạm chế độ hôn nhân một vợ, một chồng

[...]

2. Phạt tiền từ 10.000.000 đồng đến 20.000.000 đồng đối với một trong các hành vi sau:

a) Kết hôn hoặc chung sống như vợ chồng giữa những người cùng dòng máu về trực hệ hoặc giữa những người có họ trong phạm vi ba đời;

[...]

Như vậy, những người có hành vi kết hôn hoặc chỉ chung sống như vợ chồng với người cận huyết của mình (những người có cùng dòng máu trực hệ hoặc có họ trong phạm vi ba đời) tùy vào mức độ nghiêm trọng mà có thể bị xử phạt vi phạm hành chính với mức phạt tiền từ 10 triệu đồng đến 20 triệu đồng.

Đồng thời, tại Điều 184 Bộ luật Hình sự 2015 quy định thì Kết hôn cận huyết cũng được xem là tội loạn luân

Do đó, người nào giao cấu với người mà biết rõ người đó cùng dòng máu về trực hệ, là anh chị em cùng cha mẹ, anh chị em cùng cha khác mẹ hoặc cùng mẹ khác cha, thì bị phạt tù từ 01 năm đến 05 năm."
Tái hôn là gì?,"Căn cứ Điều 9 Luật Hôn nhân và gia đình 2014 quy định đăng ký kết hôn :

Đăng ký kết hôn

1. Việc kết hôn phải được đăng ký và do cơ quan nhà nước có thẩm quyền thực hiện theo quy định của Luật này và pháp luật về hộ tịch.

Việc kết hôn không được đăng ký theo quy định tại khoản này thì không có giá trị pháp lý.

2. Vợ chồng đã ly hôn muốn xác lập lại quan hệ vợ chồng thì phải đăng ký kết hôn.

Theo đó, tái hôn là việc vợ chồng đã ly hôn nhưng muốn xác lập lại quan hệ vợ chồng.

Tái hôn là một sự kiện pháp lý hoàn toàn khác với việc đăng ký lại kết hôn. Việc đăng ký lại kết hôn chỉ áp dụng đối với những trường hợp giấy đăng ký kết hôn bị mất hoặc hư hỏng.

Còn việc tái hôn áp dụng với những trường hợp đã ly hôn nhưng muốn xác lập lại quan hệ vợ chồng."
Thủ tục tái hôn năm 2024 cấp xã được thực hiện như thế nào?,"Căn cứ Điều 8 Luật Hôn nhân và gia đình 2014 quy định điều kiện kết hôn:

Điều kiện kết hôn

1. Nam, nữ kết hôn với nhau phải tuân theo các điều kiện sau đây:

a) Nam từ đủ 20 tuổi trở lên, nữ từ đủ 18 tuổi trở lên;

b) Việc kết hôn do nam và nữ tự nguyện quyết định;

c) Không bị mất năng lực hành vi dân sự;

d) Việc kết hôn không thuộc một trong các trường hợp cấm kết hôn theo quy định tại các điểm a, b, c và d khoản 2 Điều 5 của Luật này.

2. Nhà nước không thừa nhận hôn nhân giữa những người cùng giới tính.

Căn cứ Điều 18 Luật Hộ tịch 2014 quy định thủ tục đăng ký kết hôn:

Thủ tục đăng ký kết hôn

1. Hai bên nam, nữ nộp tờ khai đăng ký kết hôn theo mẫu quy định cho cơ quan đăng ký hộ tịch và cùng có mặt khi đăng ký kết hôn.

2. Ngay sau khi nhận đủ giấy tờ theo quy định tại khoản 1 Điều này, nếu thấy đủ điều kiện kết hôn theo quy định của Luật hôn nhân và gia đình, công chức tư pháp - hộ tịch ghi việc kết hôn vào Sổ hộ tịch, cùng hai bên nam, nữ ký tên vào Sổ hộ tịch. Hai bên nam, nữ cùng ký vào Giấy chứng nhận kết hôn; công chức tư pháp - hộ tịch báo cáo Chủ tịch Ủy ban nhân dân cấp xã tổ chức trao Giấy chứng nhận kết hôn cho hai bên nam, nữ.

Trường hợp cần xác minh điều kiện kết hôn của hai bên nam, nữ thì thời hạn giải quyết không quá 05 ngày làm việc.

Theo đó, thủ tục tái hôn năm 2024 cấp xã được thực hiện như sau:

(1) Vợ chồng muốn tái hôn phải đáp ứng các điều kiện sau:

- Nam từ đủ 20 tuổi trở lên, nữ từ đủ 18 tuổi trở lên

- Việc tái hôn do nam và nữ tự nguyện quyết định;

- Vợ chồng tái hôn không bị mất năng lực hành vi dân sự;

- Việc tái hôn không thuộc một trong các trường hợp sau:

+ Kết hôn giả tạo, ly hôn giả tạo;

+ Tảo hôn, cưỡng ép kết hôn, lừa dối kết hôn, cản trở kết hôn;

+ Người đang có vợ, có chồng mà kết hôn hoặc chung sống như vợ chồng với người khác hoặc chưa có vợ, chưa có chồng mà kết hôn hoặc chung sống như vợ chồng với người đang có chồng, có vợ;

+ Kết hôn hoặc chung sống như vợ chồng giữa những người cùng dòng máu về trực hệ; giữa những người có họ trong phạm vi ba đời; giữa cha, mẹ nuôi với con nuôi; giữa người đã từng là cha, mẹ nuôi với con nuôi, cha chồng với con dâu, mẹ vợ với con rể, cha dượng với con riêng của vợ, mẹ kế với con riêng của chồng;

(2) Hồ sơ tái hôn gồm các giấy tờ sau:

- Tờ khai đăng ký kết hôn Tải về

- Giấy xác nhận tình trạng hôn nhân

- Giấy tờ nhân thân

- Quyết định hoặc bản án ly hôn của Tòa án.

(3) Thủ tục tái hôn năm 2024 cấp xã như sau:

Bước 1 : Nam nữ nộp tờ khai đăng ký kết hôn cho cơ quan đăng ký hộ tịch và cùng có mặt khi đăng ký kết hôn.

Bước 2 : Tiếp nhận và kiểm tra hồ sơ

Ngay sau khi nhận đủ giấy tờ, nếu thấy đủ điều kiện kết hôn theo quy định thì công chức tư pháp - hộ tịch ghi việc kết hôn vào Sổ hộ tịch, cùng hai bên nam, nữ ký tên vào Sổ hộ tịch.

Trường hợp cần xác minh điều kiện kết hôn của hai bên nam, nữ thì thời hạn giải quyết không quá 05 ngày làm việc.

Bước 3 : Nam nữ cùng ký vào Giấy chứng nhận kết hôn nếu đủ điều kiện

Bước 4 : Công chức tư pháp - hộ tịch báo cáo Chủ tịch Ủy ban nhân dân cấp xã tổ chức trao Giấy chứng nhận kết hôn cho hai bên nam, nữ."
Lệ phí tái hôn năm 2024 là bao nhiêu?,"Căn cứ Điều 11 Luật Hộ tịch 2014 quy định lệ phí hộ tịch:

Lệ phí hộ tịch

1. Miễn lệ phí đăng ký hộ tịch trong những trường hợp sau:

a) Đăng ký hộ tịch cho người thuộc gia đình có công với cách mạng; người thuộc hộ nghèo; người khuyết tật;

b) Đăng ký khai sinh, khai tử đúng hạn, giám hộ, kết hôn của công dân Việt Nam cư trú ở trong nước.

2. Cá nhân yêu cầu đăng ký sự kiện hộ tịch khác ngoài quy định tại khoản 1 Điều này, yêu cầu cấp bản sao trích lục hộ tịch phải nộp lệ phí.

Bộ Tài chính quy định chi tiết thẩm quyền thu, mức thu, nộp, chế độ quản lý và sử dụng lệ phí hộ tịch.

Theo quy định trên, đăng ký kết hôn của công dân Việt Nam cư trú ở trong nước thuộc trường hợp được miễn lệ phí. Vì vậy, công dân Việt Nam cư trú ở trong nước đăng ký tái hôn thì được miễn lệ phí.

Trân trọng!"
Hôn nhân đồng giới là gì?,"Theo Điều 5 Luật Bình đẳng giới 2006 quy định về giới tính như sau:

Giải thích từ ngữ

Trong Luật này, các từ ngữ dưới đây được hiểu như sau:

1. Giới chỉ đặc điểm, vị trí, vai trò của nam và nữ trong tất cả các mối quan hệ xã hội.

2. Giới tính chỉ các đặc điểm sinh học của nam, nữ.

...

Hôn nhân đồng giới là hôn nhân giữa hai người có cùng giới tính, thường là nam và nam hoặc nữ và nữ.

Hôn nhân đồng giới được hợp pháp hóa ở hơn 30 quốc gia trên thế giới, bao gồm Hoa Kỳ, Canada, Vương quốc Anh, Pháp, Đức, Tây Ban Nha và Brazil....

Hôn nhân đồng giới mang lại cho các cặp vợ chồng đồng giới những quyền và lợi ích giống như các cặp vợ chồng khác giới, bao gồm:

- Quyền được kết hôn và ly hôn.

- Quyền thừa kế tài sản của nhau.

- Quyền chăm sóc y tế của nhau.

- Quyền bảo lãnh và nhận con nuôi.

- Quyền bảo hiểm và quyền lợi hưu trí của nhau.

Hôn nhân đồng giới là một vấn đề gây tranh cãi ở nhiều quốc gia. Những người ủng hộ hôn nhân đồng giới cho rằng hôn nhân là một quyền cơ bản của con người và nên được mở rộng cho tất cả mọi người, bất kể giới tính của họ. Những người phản đối hôn nhân đồng giới cho rằng hôn nhân là một định nghĩa truyền thống chỉ dành cho nam và nữ.

Hôn nhân đồng giới đang trở nên phổ biến hơn trên toàn thế giới. Số lượng quốc gia hợp pháp hóa hôn nhân đồng giới đang tăng lên và ngày càng có nhiều người ủng hộ hôn nhân bình đẳng."
Việt Nam có chấp nhận hôn nhân đồng giới không?,"Theo khoản 3 Điều 3 Luật Hôn nhân và gia đình 2014 quy định về chế độ hôn nhân và gia đình như sau:

Giải thích từ ngữ

Trong Luật này, các từ ngữ dưới đây được hiểu như sau:

1. Hôn nhân là quan hệ giữa vợ và chồng sau khi kết hôn.

2. Gia đình là tập hợp những người gắn bó với nhau do hôn nhân, quan hệ huyết thống hoặc quan hệ nuôi dưỡng, làm phát sinh các quyền và nghĩa vụ giữa họ với nhau theo quy định của Luật này.

3. Chế độ hôn nhân và gia đình là toàn bộ những quy định của pháp luật về kết hôn, ly hôn; quyền và nghĩa vụ giữa vợ và chồng, giữa cha mẹ và con, giữa các thành viên khác trong gia đình; cấp dưỡng; xác định cha, mẹ, con; quan hệ hôn nhân và gia đình có yếu tố nước ngoài và những vấn đề khác liên quan đến hôn nhân và gia đình.

...

Căn cứ theo quy định tại Điều 8 Luật Hôn nhân và gia đình 2014 về điều kiện kết hôn như sau:

Điều kiện kết hôn

1. Nam, nữ kết hôn với nhau phải tuân theo các điều kiện sau đây:

a) Nam từ đủ 20 tuổi trở lên, nữ từ đủ 18 tuổi trở lên;

b) Việc kết hôn do nam và nữ tự nguyện quyết định;

c) Không bị mất năng lực hành vi dân sự;

d) Việc kết hôn không thuộc một trong các trường hợp cấm kết hôn theo quy định tại các điểm a, b, c và d khoản 2 Điều 5 của Luật này.

2. Nhà nước không thừa nhận hôn nhân giữa những người cùng giới tính.

Theo đó tại Luật Hôn nhân và gia đình 2014 đang có hiệu lực thi hành điều chỉnh những vẫn đề liên quan đến chế độ hôn nhân và gia đình hiện nay đã nêu rõ rằng Nhà nước không thừa nhận hôn nhân giữa những người cùng giới tính tức là không thừa nhận hôn nhân đồng giới

Tuy nhiên theo quy định cũng đã nêu rõ, Nhà nước không thừa nhận hôn nhân đồng giới chứ không cấm hôn nhân đồng giới

Tức là các cặp vợ chồng đồng giới đang sinh sống tại Việt Nam và đã kết hôn hợp pháp theo quy định của pháp luật nước ngoài thì cũng không phải là vi phạm pháp luật Việt Nam"
Những điều cấm trong bảo vệ hôn nhân và gia đình Việt Nam là gì?,"Theo khoản 2 Điều 5 Luật Hôn nhân và gia đình 2014 quy định về những điều cấm trong bảo vệ hôn nhân và gia đình như sau:

- Kết hôn giả tạo, ly hôn giả tạo;

- Tảo hôn, cưỡng ép kết hôn, lừa dối kết hôn, cản trở kết hôn;

- Người đang có vợ, có chồng mà kết hôn hoặc chung sống như vợ chồng với người khác hoặc chưa có vợ, chưa có chồng mà kết hôn hoặc chung sống như vợ chồng với người đang có chồng, có vợ;

- Kết hôn hoặc chung sống như vợ chồng giữa những người cùng dòng máu về trực hệ; giữa những người có họ trong phạm vi ba đời; giữa cha, mẹ nuôi với con nuôi; giữa người đã từng là cha, mẹ nuôi với con nuôi, cha chồng với con dâu, mẹ vợ với con rể, cha dượng với con riêng của vợ, mẹ kế với con riêng của chồng;

- Yêu sách của cải trong kết hôn;

- Cưỡng ép ly hôn, lừa dối ly hôn, cản trở ly hôn;

- Thực hiện sinh con bằng kỹ thuật hỗ trợ sinh sản vì mục đích thương mại, mang thai hộ vì mục đích thương mại, lựa chọn giới tính thai nhi, sinh sản vô tính;

- Bạo lực gia đình;

- Lợi dụng việc thực hiện quyền về hôn nhân và gia đình để mua bán người, bóc lột sức lao động, xâm phạm tình dục hoặc có hành vi khác nhằm mục đích trục lợi.

Trân trọng!"
Luật hôn nhân và gia đình được áp dụng năm 2024 là luật nào?,"Ngày 19/06/2014, Quốc hội ban hành Luật Hôn nhân và gia đình 2014 và có hiệu lực kể từ 01/01/2015.

Luật Hôn nhân và gia đình 2014 quy định chế độ hôn nhân và gia đình; chuẩn mực pháp lý cho cách ứng xử giữa các thành viên gia đình; trách nhiệm của cá nhân, tổ chức, Nhà nước và xã hội trong việc xây dựng, củng cố chế độ hôn nhân và gia đình.

Đến tháng 12/2023, chưa có văn bản nào được ban hành nhằm thay thế Luật Hôn nhân và gia đình 2014 . Như vậy, Luật Hôn nhân và gia đình được áp dụng năm 2024 là Luật Hôn nhân và gia đình 2014 .

Các văn bảo hướng dẫn thi hành Luật Hôn nhân và gia đình 2014 , bao gồm:

Văn bản bị thay thế Luật Hôn nhân và Gia đình 2000 Văn bản được dẫn chiếu Luật Nuôi con nuôi 2010 Bộ luật Dân sự 2005 (hết hiệu lực được thay thế bởi Bộ luật Dân sự 2015 ) Bộ luật Tố tụng dân sự 2004 (hết hiệu lực được thay thế bởi Bộ luật Tố tụng dân sự 2015 ) Văn bản được căn cứ Hiến pháp 2013 Văn bản hướng dẫn Nghị định 82/2020/NĐ-CP quy định về xử phạt vi phạm hành chính trong lĩnh vực bổ trợ tư pháp; hành chính tư pháp; hôn nhân và gia đình; thi hành án dân sự; phá sản doanh nghiệp, hợp tác xã Nghị định 98/2016/NĐ-CP sửa đổi Nghị định 10/2015/NĐ-CP quy định về sinh con bằng kỹ thuật thụ tinh trong ống nghiệm và điều kiện mang thai hộ vì mục đích nhân đạo Thông tư liên tịch 01/2016/TTLT-TANDTC-VKSNDTC-BTP hướng dẫn thi hành quy định của Luật hôn nhân và gia đình do Chánh án Tòa án nhân dân tối cao - Viện trưởng Viện kiểm sát nhân dân tối cao - Bộ trưởng Bộ Tư pháp ban hành Nghị định 123/2015/NĐ-CP hướng dẫn Luật hộ tịch Nghị định 10/2015/NĐ-CP quy định về sinh con bằng kỹ thuật thụ tinh trong ống nghiệm và điều kiện mang thai hộ vì mục đích nhân đạo Nghị định 126/2014/NĐ-CP hướng dẫn thi hành Luật Hôn nhân và gia đình"
Các hành vi nào bị nghiêm cấm nhằm bảo vệ chế độ hôn nhân và gia đình?,"Căn cứ Điều 5 Luật Hôn nhân và gia đình 2014 quy định bảo vệ chế độ hôn nhân và gia đình:

Bảo vệ chế độ hôn nhân và gia đình

1. Quan hệ hôn nhân và gia đình được xác lập, thực hiện theo quy định của Luật này được tôn trọng và được pháp luật bảo vệ.

2. Cấm các hành vi sau đây:

a) Kết hôn giả tạo, ly hôn giả tạo;

b) Tảo hôn, cưỡng ép kết hôn, lừa dối kết hôn, cản trở kết hôn;

c) Người đang có vợ, có chồng mà kết hôn hoặc chung sống như vợ chồng với người khác hoặc chưa có vợ, chưa có chồng mà kết hôn hoặc chung sống như vợ chồng với người đang có chồng, có vợ;

...

Theo đó, nhằm bảo vệ chế độ hôn nhân và gia đình thì nghiêm cấm thực hiện các hành vi sau:

- Kết hôn giả tạo, ly hôn giả tạo;

- Tảo hôn, cưỡng ép kết hôn, lừa dối kết hôn, cản trở kết hôn;

- Người đang có vợ, có chồng mà kết hôn hoặc chung sống như vợ chồng với người khác hoặc chưa có vợ, chưa có chồng mà kết hôn hoặc chung sống như vợ chồng với người đang có chồng, có vợ;

- Kết hôn hoặc chung sống như vợ chồng giữa những người cùng dòng máu về trực hệ;

- Kết hôn hoặc chung sống như vợ chồng giữa những người có họ trong phạm vi ba đời; giữa cha, mẹ nuôi với con nuôi;

- Kết hôn hoặc chung sống như vợ chồng giữa người đã từng là cha, mẹ nuôi với con nuôi, cha chồng với con dâu, mẹ vợ với con rể, cha dượng với con riêng của vợ, mẹ kế với con riêng của chồng;

- Yêu sách của cải trong kết hôn;

- Cưỡng ép ly hôn, lừa dối ly hôn, cản trở ly hôn;

- Thực hiện sinh con bằng kỹ thuật hỗ trợ sinh sản vì mục đích thương mại, mang thai hộ vì mục đích thương mại, lựa chọn giới tính thai nhi, sinh sản vô tính

- Bạo lực gia đình;

- Lợi dụng việc thực hiện quyền về hôn nhân và gia đình để mua bán người, bóc lột sức lao động, xâm phạm tình dục hoặc có hành vi khác nhằm mục đích trục lợi."
Điều kiện kết hôn theo quy định Luật Hôn nhân gia đình 2014?,"Căn cứ Điều 8 Luật Hôn nhân và gia đình 2014 quy định điều kiện kết hôn:

Điều kiện kết hôn

1. Nam, nữ kết hôn với nhau phải tuân theo các điều kiện sau đây:

a) Nam từ đủ 20 tuổi trở lên, nữ từ đủ 18 tuổi trở lên;

b) Việc kết hôn do nam và nữ tự nguyện quyết định;

c) Không bị mất năng lực hành vi dân sự;

d) Việc kết hôn không thuộc một trong các trường hợp cấm kết hôn theo quy định tại các điểm a, b, c và d khoản 2 Điều 5 của Luật này.

2. Nhà nước không thừa nhận hôn nhân giữa những người cùng giới tính.

Theo đó, điều kiện kết hôn theo quy định Luật Hôn nhân và gia đình 2014 như sau:

- Nam từ đủ 20 tuổi trở lên, nữ từ đủ 18 tuổi trở lên;

- Việc kết hôn do nam và nữ tự nguyện quyết định;

- Không bị mất năng lực hành vi dân sự;

- Việc kết hôn không thuộc một trong các trường hợp cấm kết hôn sau:

+ Kết hôn giả tạo, ly hôn giả tạo;

+ Tảo hôn, cưỡng ép kết hôn, lừa dối kết hôn, cản trở kết hôn;

+ Người đang có vợ, có chồng mà kết hôn hoặc chung sống như vợ chồng với người khác hoặc chưa có vợ, chưa có chồng mà kết hôn hoặc chung sống như vợ chồng với người đang có chồng, có vợ;

+ Kết hôn hoặc chung sống như vợ chồng giữa những người cùng dòng máu về trực hệ; giữa những người có họ trong phạm vi ba đời; giữa cha, mẹ nuôi với con nuôi; giữa người đã từng là cha, mẹ nuôi với con nuôi, cha chồng với con dâu, mẹ vợ với con rể, cha dượng với con riêng của vợ, mẹ kế với con riêng của chồng;

Lưu ý : Nhà nước không thừa nhận hôn nhân giữa những người cùng giới tính.

Trân trọng!"
Có bắt buộc phải xét nghiệm HIV trước khi kết hôn hay không?,"Căn cứ quy định Điều 13 Luật Phòng, chống nhiễm vi rút gây ra hội chứng suy giảm miễn dịch mắc phải ở người (HIV/AIDS) 2006 quy định về phòng, chống HIV/AIDS tại gia đình như sau:

Phòng, chống HIV/AIDS tại gia đình

1. Gia đình có trách nhiệm tuyên truyền, giáo dục cho các thành viên trong gia đình về phòng, chống HIV/AIDS, chủ động thực hiện các biện pháp phòng lây nhiễm HIV.

2. Khuyến khích tự nguyện xét nghiệm HIV đối với người trước khi kết hôn, dự định có con, phụ nữ mang thai.

3. Gia đình của người nhiễm HIV có trách nhiệm nuôi dưỡng, chăm sóc, động viên tinh thần giúp người nhiễm HIV sống hoà nhập với gia đình, cộng đồng và xã hội; phối hợp với các cơ quan, tổ chức và cộng đồng trong phòng, chống HIV/AIDS.

Căn cứ quy định Điều 28 Luật Phòng, chống nhiễm vi rút gây ra hội chứng suy giảm miễn dịch mắc phải ở người (HIV/AIDS) 2006 quy định về xét nghiệm HIV bắt buộc như sau:

Xét nghiệm HIV bắt buộc

1. Xét nghiệm HIV bắt buộc đối với trường hợp có trưng cầu giám định tư pháp hoặc quyết định của Cơ quan điều tra, Viện kiểm sát nhân dân hoặc Toà án nhân dân.

2. Bộ trưởng Bộ Y tế quy định việc xét nghiệm HIV bắt buộc trong một số trường hợp cần thiết để chẩn đoán và điều trị cho người bệnh.

3. Chính phủ quy định danh mục một số nghề phải xét nghiệm HIV trước khi tuyển dụng.

4. Kinh phí xét nghiệm đối với các trường hợp quy định tại khoản 1 Điều này do ngân sách nhà nước chi trả.

Như vậy, theo quy định hiện nay thì pháp luật chỉ khuyến khích tự nguyện xét nghiệm HIV đối với người trước khi kết hôn, dự định có con, phụ nữ mang thai.

Do đó, pháp luật không bắt buộc phải thực hiện xét nghiệm trước khi kết hôn.

Tuy nhiên, để tránh các trường hợp ngoài ý muốn thì các cặp đôi trước khi kết hôn nên tự nguyện đi xét nghiệm HIV."
Xét nghiệm HIV tự nguyện được quy định như thế nào?,"Căn quy định Điều 27 Luật Phòng, chống nhiễm vi rút gây ra hội chứng suy giảm miễn dịch mắc phải ở người (HIV/AIDS) 2006 được sửa đổi bởi khoản 8 Điều 1 Luật Phòng, chống nhiễm vi rút gây ra hội chứng suy giảm miễn dịch mắc phải ở người (HIV/AIDS) sửa đổi 2020 quy định về xét nghiệm HIV tự nguyện như sau:

Xét nghiệm HIV tự nguyện

1. Việc xét nghiệm HIV được thực hiện trên cơ sở tự nguyện của người được xét nghiệm.

2. Người từ đủ 15 tuổi trở lên và có năng lực hành vi dân sự được tự nguyện yêu cầu xét nghiệm HIV.

3. Việc xét nghiệm HIV đối với người dưới 15 tuổi, người mất năng lực hành vi dân sự, người có khó khăn trong nhận thức, làm chủ hành vi và người bị hạn chế năng lực hành vi dân sự chỉ được thực hiện khi có sự đồng ý bằng văn bản của cha, mẹ hoặc người giám hộ, người đại diện của người đó.

Như vậy, xét nghiệm HIV tự nguyện được quy định như sau:

- Việc xét nghiệm HIV được thực hiện trên cơ sở tự nguyện của người được xét nghiệm.

- Người từ đủ 15 tuổi trở lên và có năng lực hành vi dân sự được tự nguyện yêu cầu xét nghiệm HIV.

- Việc xét nghiệm HIV đối với người dưới 15 tuổi, người mất năng lực hành vi dân sự, người có khó khăn trong nhận thức, làm chủ hành vi và người bị hạn chế năng lực hành vi dân sự chỉ được thực hiện khi có sự đồng ý bằng văn bản của cha, mẹ hoặc người giám hộ, người đại diện của người đó."
Kết quả xét nghiệm HIV dương tính chỉ được thông báo cho những người nào?,"Căn cứ quy định khoản 2 Điều 30 Luật Phòng, chống nhiễm vi rút gây ra hội chứng suy giảm miễn dịch mắc phải ở người (HIV/AIDS) 2006 được sửa đổi bởi Khoản 10 Điều 1 Luật Phòng, chống nhiễm vi rút gây ra hội chứng suy giảm miễn dịch mắc phải ở người (HIV/AIDS) sửa đổi 2020 có quy định kết quả xét nghiệm HIV dương tính chỉ được thông báo cho những người sau đây:

- Người được xét nghiệm;

- Vợ hoặc chồng của người được xét nghiệm; cha, mẹ hoặc người giám hộ, người đại diện của người được xét nghiệm là người dưới 18 tuổi, người mất năng lực hành vi dân sự, người có khó khăn trong nhận thức, làm chủ hành vi và người bị hạn chế năng lực hành vi dân sự;

- Người được giao nhiệm vụ trực tiếp tư vấn, thông báo kết quả xét nghiệm HIV dương tính cho người được xét nghiệm;

- Người đứng đầu cơ quan, đơn vị được giao nhiệm vụ giám sát dịch tễ học HIV/AIDS; người được giao nhiệm vụ giám sát dịch tễ học HIV/AIDS;

- Người đứng đầu, điều dưỡng viên trưởng của khoa, phòng, đơn vị khác của cơ sở y tế có người nhiễm HIV được điều trị; nhân viên y tế được giao trách nhiệm trực tiếp điều trị, chăm sóc cho người nhiễm HIV tại cơ sở y tế;

- Người đứng đầu, người phụ trách y tế, nhân viên y tế được giao nhiệm vụ trực tiếp chăm sóc sức khỏe cho người nhiễm HIV tại cơ sở giáo dục bắt buộc, trường giáo dưỡng, cơ sở cai nghiện ma túy, cơ sở bảo trợ xã hội, trại giam, trại tạm giam, nhà tạm giữ, cơ sở giam giữ khác;

- Người đứng đầu và cán bộ, công chức được giao trách nhiệm của các cơ quan quy định.

Trân trọng!"
"Hành vi kết hôn với người đã từng là cha nuôi, mẹ nuôi bị xử phạt bao nhiêu tiền?","Căn cứ tại Điều 59 Nghị định 82/2020/NĐ-CP quy định về việc xử lý hành vi vi phạm quy định về kết hôn, ly hôn và vi phạm chế độ hôn nhân một vợ, một chồng cụ thể như sau:

Hành vi vi phạm quy định về kết hôn, ly hôn và vi phạm chế độ hôn nhân một vợ, một chồng

1. Phạt tiền từ 3.000.000 đồng đến 5.000.000 đồng đối với một trong các hành vi sau:

a) Đang có vợ hoặc đang có chồng mà kết hôn với người khác, chưa có vợ hoặc chưa có chồng mà kết hôn với người mà mình biết rõ là đang có chồng hoặc đang có vợ;

b) Đang có vợ hoặc đang có chồng mà chung sống như vợ chồng với người khác;

c) Chưa có vợ hoặc chưa có chồng mà chung sống như vợ chồng với người mà mình biết rõ là đang có chồng hoặc đang có vợ;

d) Kết hôn hoặc chung sống như vợ chồng giữa người đã từng là cha, mẹ nuôi với con nuôi, cha chồng với con dâu, mẹ vợ với con rể, cha dượng với con riêng của vợ, mẹ kế với con riêng của chồng;

đ) Cản trở kết hôn, yêu sách của cải trong kết hôn hoặc cản trở ly hôn.

...

Như vậy, đối với hành vi kết hôn với người đã từng là cha nuôi, mẹ nuôi sẽ bị phạt tiền từ 3.000.000 đến 5.000.000 đồng theo quy định của pháp luật và tùy vào mức độ nghiêm trọng của vụ việc.

Lưu ý: Mức phạt đối với hành vi này là dành cho cá nhân (tại khoản 4 Điều 4 Nghị định 82/2020/NĐ-CP )."
Hành vi kết hôn với người đã chuyển giới có phải là hành vi cấm?,"Theo quy định tại Điều 37 Bộ luật Dân sự 2015 quy định về việc chuyển đổi giới tính cụ thể như sau:

Chuyển đổi giới tính

Việc chuyển đổi giới tính được thực hiện theo quy định của luật. Cá nhân đã chuyển đổi giới tính có quyền, nghĩa vụ đăng ký thay đổi hộ tịch theo quy định của pháp luật về hộ tịch; có quyền nhân thân phù hợp với giới tính đã được chuyển đổi theo quy định của Bộ luật này và luật khác có liên quan.

Như vậy, đối với hành vi kết hôn với người đã chuyển giới không phải là hành vi cấm theo quy định của pháp luật.

Căn bản khi một người chuyển giới thì họ cũng đã có quyền và nghĩa vụ thay đổi hộ tịch. Cho nên, sau khi chuyển giới thì phải đăng ký thay đổi hộ tịch thì người chuyển giới được quyền đăng ký kết hôn với người khác giới tính khi đã hoàn thành xong thủ tục thay đổi hộ tịch và quan hệ hôn nhân này sẽ được pháp luật công nhận."
Hành vi kết hôn với người đồng giới có phải là hành vi cấm không?,"Căn cứ theo Điều 5 Luật Hôn nhân và gia đình 2014 quy định về việc bảo vệ chế độ hôn nhân và gia đình như sau:

Bảo vệ chế độ hôn nhân và gia đình

1. Quan hệ hôn nhân và gia đình được xác lập, thực hiện theo quy định của Luật này được tôn trọng và được pháp luật bảo vệ.

2. Cấm các hành vi sau đây:

a) Kết hôn giả tạo, ly hôn giả tạo;

b) Tảo hôn, cưỡng ép kết hôn, lừa dối kết hôn, cản trở kết hôn;

c) Người đang có vợ, có chồng mà kết hôn hoặc chung sống như vợ chồng với người khác hoặc chưa có vợ, chưa có chồng mà kết hôn hoặc chung sống như vợ chồng với người đang có chồng, có vợ;

d) Kết hôn hoặc chung sống như vợ chồng giữa những người cùng dòng máu về trực hệ; giữa những người có họ trong phạm vi ba đời; giữa cha, mẹ nuôi với con nuôi; giữa người đã từng là cha, mẹ nuôi với con nuôi, cha chồng với con dâu, mẹ vợ với con rể, cha dượng với con riêng của vợ, mẹ kế với con riêng của chồng;

đ) Yêu sách của cải trong kết hôn;

e) Cưỡng ép ly hôn, lừa dối ly hôn, cản trở ly hôn;

g) Thực hiện sinh con bằng kỹ thuật hỗ trợ sinh sản vì mục đích thương mại, mang thai hộ vì mục đích thương mại, lựa chọn giới tính thai nhi, sinh sản vô tính;

h) Bạo lực gia đình;

i) Lợi dụng việc thực hiện quyền về hôn nhân và gia đình để mua bán người, bóc lột sức lao động, xâm phạm tình dục hoặc có hành vi khác nhằm mục đích trục lợi.

3. Mọi hành vi vi phạm pháp luật về hôn nhân và gia đình phải được xử lý nghiêm minh, đúng pháp luật.

Cơ quan, tổ chức, cá nhân có quyền yêu cầu Tòa án, cơ quan khác có thẩm quyền áp dụng biện pháp kịp thời ngăn chặn và xử lý người có hành vi vi phạm pháp luật về hôn nhân và gia đình.

4. Danh dự, nhân phẩm, uy tín, bí mật đời tư và các quyền riêng tư khác của các bên được tôn trọng, bảo vệ trong quá trình giải quyết vụ việc về hôn nhân và gia đình.

Như vậy, theo quy định trên thì hiện tại hành vi kết hôn với người đồng giới không phải là một hành vi cấm theo quy định của pháp luật. Tuy nhiên, pháp luật Việt Nam sẽ không thừa nhận hôn nhân giữa những người cùng giới tính. (căn cứ tại khoản 2 Điều 8 Luật Hôn nhân và gia đình 2014 ).

Trân trọng!"
Phải qua mấy đời họ hàng mới được kết hôn với nhau?,"Tại điểm d khoản 2 Điều 5 Luật Hôn nhân và gia đình 2014 có quy định về bảo vệ chế độ hôn nhân và gia đình trong đó cấm hành vi sau đây:

Bảo vệ chế độ hôn nhân và gia đình

1. Quan hệ hôn nhân và gia đình được xác lập, thực hiện theo quy định của Luật này được tôn trọng và được pháp luật bảo vệ.

2. Cấm các hành vi sau đây:

a) Kết hôn giả tạo, ly hôn giả tạo;

b) Tảo hôn, cưỡng ép kết hôn, lừa dối kết hôn, cản trở kết hôn;

c) Người đang có vợ, có chồng mà kết hôn hoặc chung sống như vợ chồng với người khác hoặc chưa có vợ, chưa có chồng mà kết hôn hoặc chung sống như vợ chồng với người đang có chồng, có vợ;

d) Kết hôn hoặc chung sống như vợ chồng giữa những người cùng dòng máu về trực hệ; giữa những người có họ trong phạm vi ba đời ; giữa cha, mẹ nuôi với con nuôi; giữa người đã từng là cha, mẹ nuôi với con nuôi, cha chồng với con dâu, mẹ vợ với con rể, cha dượng với con riêng của vợ, mẹ kế với con riêng của chồng;

đ) Yêu sách của cải trong kết hôn;

e) Cưỡng ép ly hôn, lừa dối ly hôn, cản trở ly hôn;

g) Thực hiện sinh con bằng kỹ thuật hỗ trợ sinh sản vì mục đích thương mại, mang thai hộ vì mục đích thương mại, lựa chọn giới tính thai nhi, sinh sản vô tính;

h) Bạo lực gia đình;

i) Lợi dụng việc thực hiện quyền về hôn nhân và gia đình để mua bán người, bóc lột sức lao động, xâm phạm tình dục hoặc có hành vi khác nhằm mục đích trục lợi.

...

Như vậy, họ hàng trong phạm vi 4 đời trở lên thì được kết hôn với nhau. Nếu có họ trong phạm vi ba đời trở xuống thì không được kết hôn."
Điều kiện được kết hôn với nhau là gì?,"Tại khoản 1 Điều 8 Luật Hôn nhân và gia đình 2014 quy định điều kiện kết hôn như sau:

Điều kiện kết hôn

1. Nam, nữ kết hôn với nhau phải tuân theo các điều kiện sau đây:

a) Nam từ đủ 20 tuổi trở lên, nữ từ đủ 18 tuổi trở lên;

b) Việc kết hôn do nam và nữ tự nguyện quyết định;

c) Không bị mất năng lực hành vi dân sự;

d) Việc kết hôn không thuộc một trong các trường hợp cấm kết hôn theo quy định tại các điểm a, b, c và d khoản 2 Điều 5 của Luật này.

2. Nhà nước không thừa nhận hôn nhân giữa những người cùng giới tính.

Như vậy, nam nữ được kết hôn với nhau phải đáp ứng điều kiện:

- Nam từ đủ 20 tuổi trở lên, nữ từ đủ 18 tuổi trở lên;

- Việc kết hôn do nam và nữ tự nguyện quyết định;

- Không bị mất năng lực hành vi dân sự;

- Việc kết hôn không thuộc một trong các trường hợp cấm kết hôn:

+ Kết hôn giả tạo, ly hôn giả tạo;

+ Tảo hôn, cưỡng ép kết hôn, lừa dối kết hôn, cản trở kết hôn;

+ Người đang có vợ, có chồng mà kết hôn hoặc chung sống như vợ chồng với người khác hoặc chưa có vợ, chưa có chồng mà kết hôn hoặc chung sống như vợ chồng với người đang có chồng, có vợ;

+ Kết hôn hoặc chung sống như vợ chồng giữa những người cùng dòng máu về trực hệ; giữa những người có họ trong phạm vi ba đời; giữa cha, mẹ nuôi với con nuôi; giữa người đã từng là cha, mẹ nuôi với con nuôi, cha chồng với con dâu, mẹ vợ với con rể, cha dượng với con riêng của vợ, mẹ kế với con riêng của chồng."
Có phải ly hôn muốn xác lập lại quan hệ vợ chồng thì phải đăng ký kết hôn không?,"Tại Điều 9 Luật Hôn nhân và gia đình 2014 có quy định đăng ký kết hôn như sau:

Đăng ký kết hôn

1. Việc kết hôn phải được đăng ký và do cơ quan nhà nước có thẩm quyền thực hiện theo quy định của Luật này và pháp luật về hộ tịch.

Việc kết hôn không được đăng ký theo quy định tại khoản này thì không có giá trị pháp lý.

2. Vợ chồng đã ly hôn muốn xác lập lại quan hệ vợ chồng thì phải đăng ký kết hôn.

Như vậy, khi vợ chồng đã ly hôn nếu muốn xác lập lại quan hệ vợ chồng thì bắt buộc vợ chồng phải đăng ký kết hôn tại cơ quan nhà nước có thẩm quyền.

Trân trọng!"
Điều kiện để kết hôn là gì?,"Theo quy định tại Điều 8 Luật Hôn nhân và gia đình 2014 về điều kiện kết hôn như sau:

Điều kiện kết hôn

1. Nam, nữ kết hôn với nhau phải tuân theo các điều kiện sau đây:

a) Nam từ đủ 20 tuổi trở lên, nữ từ đủ 18 tuổi trở lên;

b) Việc kết hôn do nam và nữ tự nguyện quyết định;

c) Không bị mất năng lực hành vi dân sự;

d) Việc kết hôn không thuộc một trong các trường hợp cấm kết hôn theo quy định tại các điểm a, b, c và d khoản 2 Điều 5 của Luật này.

2. Nhà nước không thừa nhận hôn nhân giữa những người cùng giới tính.

Như vậy, hiện nay Nhà nước không thừa nhận hôn nhân giữa những người đồng giới, nên điều kiện đầu tiên là việc kết hôn phải xuất phát từ hai phía nam và nữ.

Quy định về điều kiện kết hôn phải tuân theo các điều kiện sau:

- Nam nữ từ đủ 20 tuổi trở lên, nữ từ đủ 18 tuổi trở lên

- Việc kết hôn phải do hai bên tự nguyện quyết định

- Nam, nữ hoặc cả hai không bị mất năng lực hành vi dân sự

- Việc kết hôn không thuộc các trường hợp bị cấm như sau:

+ Người đang có vợ, có chồng mà kết hôn với người khác hoặc ngược lại người chưa có vợ, có chồng mà kết hôn với người đang có chồng, có vợ.

+ Kết hôn giữa những người cùng dòng máu về trực hệ;

+ Giữa những người có họ trong phạm vi ba đời;

+ Giữa cha, mẹ nuôi với con nuôi; giữa người đã từng là cha, mẹ nuôi với con nuôi,

+ Giữa cha chồng với con dâu, mẹ vợ với con rể,

+ Giữa cha dượng với con riêng của vợ, mẹ kế với con riêng của chồng."
Việc đăng ký kết hôn được tiến hành như thế nào?,"Căn cứ tại Điều 9 Luật Hôn nhân và gia đình 2014 về đăng ký kết hôn như sau:

Đăng ký kết hôn

1. Việc kết hôn phải được đăng ký và do cơ quan nhà nước có thẩm quyền thực hiện theo quy định của Luật này và pháp luật về hộ tịch.

Việc kết hôn không được đăng ký theo quy định tại khoản này thì không có giá trị pháp lý.

2. Vợ chồng đã ly hôn muốn xác lập lại quan hệ vợ chồng thì phải đăng ký kết hôn.

Theo quy định tại Điều 17 Luật Hộ tịch 2014 về thẩm quyền đăng ký kết hôn và nội dung Giấy chứng nhận kết hôn như sau:

Thẩm quyền đăng ký kết hôn và nội dung Giấy chứng nhận kết hôn

1. Ủy ban nhân dân cấp xã nơi cư trú của một trong hai bên nam, nữ thực hiện đăng ký kết hôn.

2. Giấy chứng nhận kết hôn phải có các thông tin sau đây:

a) Họ, chữ đệm và tên; ngày, tháng, năm sinh; dân tộc; quốc tịch; nơi cư trú; thông tin về giấy tờ chứng minh nhân thân của hai bên nam, nữ;

b) Ngày, tháng, năm đăng ký kết hôn;

c) Chữ ký hoặc điểm chỉ của hai bên nam, nữ và xác nhận của cơ quan đăng ký hộ tịch.

Căn cứ Điều 37 Luật Hộ tịch 2014 về thẩm quyền đăng ký kết hôn đối với Ủy ban nhân dân cấp huyện

Thẩm quyền đăng ký kết hôn

1. Ủy ban nhân dân cấp huyện nơi cư trú của công dân Việt Nam thực hiện đăng ký kết hôn giữa công dân Việt Nam với người nước ngoài; giữa công dân Việt Nam cư trú ở trong nước với công dân Việt Nam định cư ở nước ngoài; giữa công dân Việt Nam định cư ở nước ngoài với nhau; giữa công dân Việt Nam đồng thời có quốc tịch nước ngoài với công dân Việt Nam hoặc với người nước ngoài.

2. Trường hợp người nước ngoài cư trú tại Việt Nam có yêu cầu đăng ký kết hôn tại Việt Nam thì Ủy ban nhân dân cấp huyện nơi cư trú của một trong hai bên thực hiện đăng ký kết hôn; giữa công dân Việt Nam cư trú ở trong nước với công dân Việt Nam định cư ở nước ngoài; giữa công dân Việt Nam định cư ở nước ngoài với nhau; giữa công dân Việt Nam đồng thời có quốc tịch nước ngoài với công dân Việt Nam hoặc với người nước ngoài.

Do đó, khi đăng ký kết hôn, Ủy ban nhân dân cấp xã là cơ quan nhà nước có thẩm quyền cấp Giấy chứng nhận kết hôn đối với kết hôn giữa công dân Việt Nam với nhau.

Trường hợp đăng ký kế hôn giữa công dân Việt Nam với người nước ngoài; giữa công dân Việt Nam cư trú ở trong nước với công dân Việt Nam định cư ở nước ngoài; giữa công dân Việt Nam định cư ở nước ngoài với nhau; giữa công dân Việt Nam đồng thời có quốc tịch nước ngoài với công dân Việt Nam hoặc với người nước ngoài thì Ủy ban nhân dân cấp huyện là cơ quan có thẩm quyền đăng ký kết hôn."
"Người có khó khăn trong nhận thức, làm chủ hành vi thì có được phép kết hôn hay không?","Tại Điều 22 Bộ luật Dân sự 2015 có quy định về người mất năng lực hành vi dân sự như sau:

Mất năng lực hành vi dân sự

1. Khi một người do bị bệnh tâm thần hoặc mắc bệnh khác mà không thể nhận thức, làm chủ được hành vi thì theo yêu cầu của người có quyền, lợi ích liên quan hoặc của cơ quan, tổ chức hữu quan, Tòa án ra quyết định tuyên bố người này là người mất năng lực hành vi dân sự trên cơ sở kết luận giám định pháp y tâm thần.

Khi không còn căn cứ tuyên bố một người mất năng lực hành vi dân sự thì theo yêu cầu của chính người đó hoặc của người có quyền, lợi ích liên quan hoặc của cơ quan, tổ chức hữu quan, Tòa án ra quyết định hủy bỏ quyết định tuyên bố mất năng lực hành vi dân sự.

....

Xét về người có khó khăn trong nhận thức, làm chủ hành vi thì theo quy định khoản 1 Điều 23 Bộ luật Dân sự 2015 có sự phân biệt giữa người mất năng lực hành vi dân sự với người có khó khăn trong nhận thức, làm chủ hành vi.

Người có khó khăn trong nhận thức, làm chủ hành vi

1. Người thành niên do tình trạng thể chất hoặc tinh thần mà không đủ khả năng nhận thức, làm chủ hành vi nhưng chưa đến mức mất năng lực hành vi dân sự thì theo yêu cầu của người này, người có quyền, lợi ích liên quan hoặc của cơ quan, tổ chức hữu quan, trên cơ sở kết luận giám định pháp y tâm thần, Tòa án ra quyết định tuyên bố người này là người có khó khăn trong nhận thức, làm chủ hành vi và chỉ định người giám hộ, xác định quyền, nghĩa vụ của người giám hộ

.....

Vậy, một người được xem là mất hành vi dân sự khi người đó vì bệnh tâm thần hoặc mắc bệnh khác mà không thể nhận thức, làm chủ hành vi thì thì Tòa án ra quyết định tuyên bố người này mất năng lực hành vi dân sự trên kết luận giám định pháp y tâm thần theo yêu cầu của người có quyền, hoặc cơ quan, tổ chức có liên quan.

Chính vì thế, người có khó khăn trong nhận thức, làm chủ hành vi nếu đáp ứng đầy đủ các điều kiện kết hôn theo Điều 8 Luật Hôn nhân và gia đình 2014 và không nằm trong trường hợp bị cấm kết hôn thì vẫn được kết hôn như bình thường.

Trân trọng!"
Con riêng của chồng có được kết hôn với con riêng của vợ hay không?,"Tại khoản 2 Điều 5 Luật Hôn nhân và gia đình 2014 có quy định về bảo vệ chế độ hôn nhân và gia đình như sau:

Bảo vệ chế độ hôn nhân và gia đình

...

1. Quan hệ hôn nhân và gia đình được xác lập, thực hiện theo quy định của Luật này được tôn trọng và được pháp luật bảo vệ.

2. Cấm các hành vi sau đây:

a) Kết hôn giả tạo, ly hôn giả tạo;

b) Tảo hôn, cưỡng ép kết hôn, lừa dối kết hôn, cản trở kết hôn;

c) Người đang có vợ, có chồng mà kết hôn hoặc chung sống như vợ chồng với người khác hoặc chưa có vợ, chưa có chồng mà kết hôn hoặc chung sống như vợ chồng với người đang có chồng, có vợ;

d) Kết hôn hoặc chung sống như vợ chồng giữa những người cùng dòng máu về trực hệ; giữa những người có họ trong phạm vi ba đời; giữa cha, mẹ nuôi với con nuôi; giữa người đã từng là cha, mẹ nuôi với con nuôi, cha chồng với con dâu, mẹ vợ với con rể, cha dượng với con riêng của vợ, mẹ kế với con riêng của chồng;

đ) Yêu sách của cải trong kết hôn;

e) Cưỡng ép ly hôn, lừa dối ly hôn, cản trở ly hôn;

g) Thực hiện sinh con bằng kỹ thuật hỗ trợ sinh sản vì mục đích thương mại, mang thai hộ vì mục đích thương mại, lựa chọn giới tính thai nhi, sinh sản vô tính;

h) Bạo lực gia đình;

i) Lợi dụng việc thực hiện quyền về hôn nhân và gia đình để mua bán người, bóc lột sức lao động, xâm phạm tình dục hoặc có hành vi khác nhằm mục đích trục lợi.

...

Như vậy, trường hợp con riêng của chồng kết hôn với con riêng của vợ không nằm trong các hành vi bị nghiêm cấm. Cho nên, con riêng của chồng được kết hôn với con riêng của vợ nếu đáp ứng các điều kiện kết hôn."
Điều kiện kết hôn đối với con riêng của chồng kết hôn với con riêng của vợ là gì?,"Tại Điều 8 Luật Hôn nhân và gia đình 2014 có quy định về điều kiện kết hôn như sau:

Điều kiện kết hôn

1. Nam, nữ kết hôn với nhau phải tuân theo các điều kiện sau đây:

a) Nam từ đủ 20 tuổi trở lên, nữ từ đủ 18 tuổi trở lên;

b) Việc kết hôn do nam và nữ tự nguyện quyết định;

c) Không bị mất năng lực hành vi dân sự;

d) Việc kết hôn không thuộc một trong các trường hợp cấm kết hôn theo quy định tại các điểm a, b, c và d khoản 2 Điều 5 của Luật này.

2. Nhà nước không thừa nhận hôn nhân giữa những người cùng giới tính.

Như vậy, điều kiện kết hôn đối với con riêng của chồng kết hôn với con riêng của vợ bao gồm:

- Nam từ đủ 20 tuổi trở lên, nữ từ đủ 18 tuổi trở lên;

- Việc kết hôn do nam và nữ tự nguyện quyết định;

- Không bị mất năng lực hành vi dân sự;

- Việc kết hôn không thuộc một trong các trường hợp cấm kết hôn."
Con riêng của chồng có được mang thai hộ cho con riêng của vợ hay không?,"Tại Điều 95 Luật Hôn nhân và gia đình 2014 có quy định về điều kiện mang thai hộ vì mục đích nhân đạo như sau:

Điều kiện mang thai hộ vì mục đích nhân đạo

1. Việc mang thai hộ vì mục đích nhân đạo phải được thực hiện trên cơ sở tự nguyện của các bên và được lập thành văn bản.

2. Vợ chồng có quyền nhờ người mang thai hộ khi có đủ các điều kiện sau đây:

a) Có xác nhận của tổ chức y tế có thẩm quyền về việc người vợ không thể mang thai và sinh con ngay cả khi áp dụng kỹ thuật hỗ trợ sinh sản;

b) Vợ chồng đang không có con chung;

c) Đã được tư vấn về y tế, pháp lý, tâm lý.

3. Người được nhờ mang thai hộ phải có đủ các điều kiện sau đây:

a) Là người thân thích cùng hàng của bên vợ hoặc bên chồng nhờ mang thai hộ;

b) Đã từng sinh con và chỉ được mang thai hộ một lần;

c) Ở độ tuổi phù hợp và có xác nhận của tổ chức y tế có thẩm quyền về khả năng mang thai hộ;

d) Trường hợp người phụ nữ mang thai hộ có chồng thì phải có sự đồng ý bằng văn bản của người chồng;

đ) Đã được tư vấn về y tế, pháp lý, tâm lý.

4. Việc mang thai hộ vì mục đích nhân đạo không được trái với quy định của pháp luật về sinh con bằng kỹ thuật hỗ trợ sinh sản.

5. Chính phủ quy định chi tiết Điều này.

Như vậy, người được nhờ mang thai hộ phải là người thân thích cùng hàng của bên vợ hoặc bên chồng nhờ mang thai hộ. Cho nên, con riêng của chồng không thể mang thai hộ cho con riêng của vợ được.

Trân trọng!"
Thách cưới có phải là yêu sách của cải trong kết hôn?,"Tại khoản 12 Điều 3 Luật Hôn nhân và gia đình 2014 quy định:

Giải thích từ ngữ

…

12. Yêu sách của cải trong kết hôn là việc đòi hỏi về vật chất một cách quá đáng và coi đó là điều kiện để kết hôn nhằm cản trở việc kết hôn tự nguyện của nam, nữ.

Như vậy , thách cưới còn có thể được xem là yêu sách của cải trong kết hôn nếu việc thách cưới đòi hỏi về vật chất một cách quá đáng và coi đó là điều kiện để kết hôn nhằm cản trở việc kết hôn tự nguyện."
Muốn kết hôn cần đáp ứng những điều kiện nào?,"Tại Điều 8 Luật Hôn nhân và gia đình 2014 có quy định điều kiện kết hôn như sau:

- Nam, nữ kết hôn với nhau phải tuân theo các điều kiện sau đây:

+ Nam từ đủ 20 tuổi trở lên, nữ từ đủ 18 tuổi trở lên;

+ Việc kết hôn do nam và nữ tự nguyện quyết định;

+ Không bị mất năng lực hành vi dân sự;

+ Việc kết hôn không thuộc một trong các trường hợp cấm kết hôn theo quy định như:

++ Kết hôn giả tạo, ly hôn giả tạo;

++ Tảo hôn, cưỡng ép kết hôn, lừa dối kết hôn, cản trở kết hôn;

++ Người đang có vợ, có chồng mà kết hôn hoặc chung sống như vợ chồng với người khác hoặc chưa có vợ, chưa có chồng mà kết hôn hoặc chung sống như vợ chồng với người đang có chồng, có vợ;

++ Kết hôn hoặc chung sống như vợ chồng giữa những người cùng dòng máu về trực hệ; giữa những người có họ trong phạm vi ba đời; giữa cha, mẹ nuôi với con nuôi; giữa người đã từng là cha, mẹ nuôi với con nuôi, cha chồng với con dâu, mẹ vợ với con rể, cha dượng với con riêng của vợ, mẹ kế với con riêng của chồng."
Người có hành vi thách cưới bị xử lý như thế nào?,"Tại điểm đ khoản 1 Điều 59 Nghị đinh 82/2020/NĐ-CP quy định người có hành vi vi phạm quy định về kết hôn sẽ bị xử lý như sau:

Hành vi vi phạm quy định về kết hôn, ly hôn và vi phạm chế độ hôn nhân một vợ, một chồng

1. Phạt tiền từ 3.000.000 đồng đến 5.000.000 đồng đối với một trong các hành vi sau:

a) Đang có vợ hoặc đang có chồng mà kết hôn với người khác, chưa có vợ hoặc chưa có chồng mà kết hôn với người mà mình biết rõ là đang có chồng hoặc đang có vợ;

b) Đang có vợ hoặc đang có chồng mà chung sống như vợ chồng với người khác;

c) Chưa có vợ hoặc chưa có chồng mà chung sống như vợ chồng với người mà mình biết rõ là đang có chồng hoặc đang có vợ;

d) Kết hôn hoặc chung sống như vợ chồng giữa người đã từng là cha, mẹ nuôi với con nuôi, cha chồng với con dâu, mẹ vợ với con rể, cha dượng với con riêng của vợ, mẹ kế với con riêng của chồng;

đ) Cản trở kết hôn, yêu sách của cải trong kết hôn hoặc cản trở ly hôn.

...

3. Biện pháp khắc phục hậu quả:

Buộc nộp lại số lợi bất hợp pháp có được do thực hiện hành vi vi phạm quy định tại các điểm d và đ khoản 2 Điều này.

Như vậy, cá nhân nếu có hành vi vi phạm sẽ bị phạt tiền từ 10.000.000 đồng đến 20.000.000 đồng. Trường hợp tổ chức có hành vi vi phạm hành chính như của cá nhân thì mức phạt tiền bằng 02 lần mức phạt tiền đối với cá nhân (khoản 4 Điều 4 Nghị định 82/2020/NĐ-CP ).

Trân trọng!"
Em trai chồng kết hôn với em gái vợ có vi phạm việc kết hôn trong phạm vi ba đời không?,"Theo quy định tại khoản 2 Điều 5 Luật Hôn nhân và gia đình 2014 quy định về các hành vi bị cấm trong hôn nhân như sau:

a) Kết hôn giả tạo, ly hôn giả tạo;

b) Tảo hôn, cưỡng ép kết hôn, lừa dối kết hôn, cản trở kết hôn;

c) Người đang có vợ, có chồng mà kết hôn hoặc chung sống như vợ chồng với người khác hoặc chưa có vợ, chưa có chồng mà kết hôn hoặc chung sống như vợ chồng với người đang có chồng, có vợ;

d) Kết hôn hoặc chung sống như vợ chồng giữa những người cùng dòng máu về trực hệ; giữa những người có họ trong phạm vi ba đời ; giữa cha, mẹ nuôi với con nuôi; giữa người đã từng là cha, mẹ nuôi với con nuôi, cha chồng với con dâu, mẹ vợ với con rể, cha dượng với con riêng của vợ, mẹ kế với con riêng của chồng;

đ) Yêu sách của cải trong kết hôn;

e) Cưỡng ép ly hôn, lừa dối ly hôn, cản trở ly hôn;

g) Thực hiện sinh con bằng kỹ thuật hỗ trợ sinh sản vì mục đích thương mại, mang thai hộ vì mục đích thương mại, lựa chọn giới tính thai nhi, sinh sản vô tính;

h) Bạo lực gia đình;

i) Lợi dụng việc thực hiện quyền về hôn nhân và gia đình để mua bán người, bóc lột sức lao động, xâm phạm tình dục hoặc có hành vi khác nhằm mục đích trục lợi.

Ngoài ra, theo khoản 18 Điều 3 Luật Hôn nhân và gia đình 2014 giải thích về “những người có họ trong phạm vi ba đời” như sau:

Những người có họ trong phạm vi ba đời là những người cùng một gốc sinh ra gồm cha mẹ là đời thứ nhất; anh, chị, em cùng cha mẹ, cùng cha khác mẹ, cùng mẹ khác cha là đời thứ hai; anh, chị, em con chú, con bác, con cô, con cậu, con dì là đời thứ ba.

Theo đó, em trai của người chồng và em gái của người vợ không thuộc những người có họ trong phạm vi ba đời. Vậy việc em trai bạn kết hôn với em gái của vợ bạn không rơi vào hành vi bị cấm trong hôn nhân. Do đó, em trai của chồng hoàn toàn có thể kết hôn với em gái của người vợ."
Điều kiện để em trai chồng kết hôn với em gái vợ là gì?,"Theo quy định tại Điều 8 Luật Hôn nhân và gia đình 2014 quy định về điều kiện kết hôn như sau:

1. Nam, nữ kết hôn với nhau phải tuân theo các điều kiện sau đây:

a) Nam từ đủ 20 tuổi trở lên, nữ từ đủ 18 tuổi trở lên;

b) Việc kết hôn do nam và nữ tự nguyện quyết định;

c) Không bị mất năng lực hành vi dân sự;

d) Việc kết hôn không thuộc một trong các trường hợp cấm kết hôn theo quy định tại các điểm a, b, c và d khoản 2 Điều 5 của Luật này.

2. Nhà nước không thừa nhận hôn nhân giữa những người cùng giới tính.

Do em trai người chồng và em gái người vợ không thuộc hành vi bị cấm hay trường hợp đặc biệt trong kết hôn nên điều kiện để kết hôn được áp dụng như quy định về điều kiện kết hôn thông thường nêu trên."
Ai là người có quyền yêu cầu hủy việc kết hôn trái pháp luật?,"Căn cứ quy định tại Điều 10 Luật Hôn nhân và gia đình 2014 quy định về người có quyền yêu cầu hủy việc kết hôn trái pháp luật như sau:

1. Người bị cưỡng ép kết hôn, bị lừa dối kết hôn, theo quy định của pháp luật về tố tụng dân sự, có quyền tự mình yêu cầu hoặc đề nghị cá nhân, tổ chức quy định tại khoản 2 Điều này yêu cầu Tòa án hủy việc kết hôn trái pháp luật do việc kết hôn vi phạm quy định tại điểm b khoản 1 Điều 8 của Luật này.

2. Cá nhân, cơ quan, tổ chức sau đây, theo quy định của pháp luật về tố tụng dân sự, có quyền yêu cầu Tòa án hủy việc kết hôn trái pháp luật do việc kết hôn vi phạm quy định tại các điểm a, c và d khoản 1 Điều 8 của Luật này:

a) Vợ, chồng của người đang có vợ, có chồng mà kết hôn với người khác; cha, mẹ, con, người giám hộ hoặc người đại diện theo pháp luật khác của người kết hôn trái pháp luật;

b) Cơ quan quản lý nhà nước về gia đình;

c) Cơ quan quản lý nhà nước về trẻ em;

d) Hội liên hiệp phụ nữ.

3. Cá nhân, cơ quan, tổ chức khác khi phát hiện việc kết hôn trái pháp luật thì có quyền đề nghị cơ quan, tổ chức quy định tại các điểm b, c và d khoản 2 Điều này yêu cầu Tòa án hủy việc kết hôn trái pháp luật.

Trên đây là quy định về có người có quyền yêu cầu hủy việc kết hôn trái pháp luật. Vậy khi gặp trường hợp kết hôn trái luật, bạn có thể đề nghị cơ quan có thẩm quyền yêu cầu Tòa hủy việc kết hôn trái pháp luật và các hành động khác theo quy định nêu trên.

Trân trọng!"
Con ruột và con riêng có được kết hôn hay không?,"Tại Điều 8 Luật Hôn nhân và gia đình 2014 có quy định về điều kiện kết hôn như sau:

Điều kiện kết hôn

1. Nam, nữ kết hôn với nhau phải tuân theo các điều kiện sau đây:

a) Nam từ đủ 20 tuổi trở lên, nữ từ đủ 18 tuổi trở lên;

b) Việc kết hôn do nam và nữ tự nguyện quyết định;

c) Không bị mất năng lực hành vi dân sự;

d) Việc kết hôn không thuộc một trong các trường hợp cấm kết hôn theo quy định tại các điểm a, b, c và d khoản 2 Điều 5 của Luật này.

2. Nhà nước không thừa nhận hôn nhân giữa những người cùng giới tính.

Tại khoản 2 Điều 5 Luật Hôn nhân và gia đình 2014 có quy định về các hành vi cấm như sau:

2. Cấm các hành vi sau đây:

a) Kết hôn giả tạo, ly hôn giả tạo;

b) Tảo hôn, cưỡng ép kết hôn, lừa dối kết hôn, cản trở kết hôn;

c) Người đang có vợ, có chồng mà kết hôn hoặc chung sống như vợ chồng với người khác hoặc chưa có vợ, chưa có chồng mà kết hôn hoặc chung sống như vợ chồng với người đang có chồng, có vợ;

d) Kết hôn hoặc chung sống như vợ chồng giữa những người cùng dòng máu về trực hệ; giữa những người có họ trong phạm vi ba đời; giữa cha, mẹ nuôi với con nuôi; giữa người đã từng là cha, mẹ nuôi với con nuôi, cha chồng với con dâu, mẹ vợ với con rể, cha dượng với con riêng của vợ, mẹ kế với con riêng của chồng;

đ) Yêu sách của cải trong kết hôn;

e) Cưỡng ép ly hôn, lừa dối ly hôn, cản trở ly hôn;

g) Thực hiện sinh con bằng kỹ thuật hỗ trợ sinh sản vì mục đích thương mại, mang thai hộ vì mục đích thương mại, lựa chọn giới tính thai nhi, sinh sản vô tính;

h) Bạo lực gia đình;

i) Lợi dụng việc thực hiện quyền về hôn nhân và gia đình để mua bán người, bóc lột sức lao động, xâm phạm tình dục hoặc có hành vi khác nhằm mục đích trục lợi.

Căn cứ theo quy định hiện hành, pháp luật không cấm việc kết hôn giữa con ruột và con riêng. Chính vì vậy, hai bạn vẫn có thể kết hôn."
"Sau khi kết hôn, có bắt buộc vợ chồng phải sống chung với nhau?","Tại Điều 19 Luật Hôn nhân và gia đình 2014 có quy định về vấn đề tình nghĩa vợ chồng như sau:

Tình nghĩa vợ chồng

1. Vợ chồng có nghĩa vụ thương yêu, chung thủy, tôn trọng, quan tâm, chăm sóc, giúp đỡ nhau; cùng nhau chia sẻ, thực hiện các công việc trong gia đình.

2. Vợ chồng có nghĩa vụ sống chung với nhau, trừ trường hợp vợ chồng có thỏa thuận khác hoặc do yêu cầu của nghề nghiệp, công tác, học tập, tham gia các hoạt động chính trị, kinh tế, văn hóa, xã hội và lý do chính đáng khác.

Vợ chồng phải có nghĩa vụ sống chung với nhau. Trong trường hợp có thỏa thuận hoặc có lý do thuộc trường hợp được nêu trên thì có thể không sống chung."
"Giải quyết hậu quả của việc nam, nữ chung sống với nhau như vợ chồng mà không đăng ký kết hôn như thế nào?","Tại Điều 14 Luật Hôn nhân và gia đình 2014 có quy định về giải quyết hậu quả của việc nam, nữ chung sống với nhau như vợ chồng mà không đăng ký kết hôn như sau:

Giải quyết hậu quả của việc nam, nữ chung sống với nhau như vợ chồng mà không đăng ký kết hôn

1. Nam, nữ có đủ điều kiện kết hôn theo quy định của Luật này chung sống với nhau như vợ chồng mà không đăng ký kết hôn thì không làm phát sinh quyền, nghĩa vụ giữa vợ và chồng. Quyền, nghĩa vụ đối với con, tài sản, nghĩa vụ và hợp đồng giữa các bên được giải quyết theo quy định tại Điều 15 và Điều 16 của Luật này.

2. Trong trường hợp nam, nữ chung sống với nhau như vợ chồng theo quy định tại khoản 1 Điều này nhưng sau đó thực hiện việc đăng ký kết hôn theo quy định của pháp luật thì quan hệ hôn nhân được xác lập từ thời điểm đăng ký kết hôn.

Việc giải quyết hậu quả của việc nam, nữ chung sống với nhau như vợ chồng mà không đăng ký kết hôn sẽ được thực hiện theo quy định trên.

Trân trọng!"
Người chồng biệt tích bao nhiêu năm thì người vợ có thể kết hôn với chồng mới?,"Tại Điều 65 Luật Hôn nhân và gia đình 2014 có quy định về thời điểm chấm dứt hôn nhân như sau:

Hôn nhân chấm dứt kể từ thời điểm vợ hoặc chồng chết.

Trong trường hợp Tòa án tuyên bố vợ hoặc chồng là đã chết thì thời điểm hôn nhân chấm dứt được xác định theo ngày chết được ghi trong bản án, quyết định của Tòa án.

Tại Điều 71 Bộ luật Dân sự 2015 có quy định về việc tuyên bố chết như sau:

1. Người có quyền, lợi ích liên quan có thể yêu cầu Tòa án ra quyết định tuyên bố một người là đã chết trong trường hợp sau đây:

a) Sau 03 năm, kể từ ngày quyết định tuyên bố mất tích của Tòa án có hiệu lực pháp luật mà vẫn không có tin tức xác thực là còn sống;

b) Biệt tích trong chiến tranh sau 05 năm, kể từ ngày chiến tranh kết thúc mà vẫn không có tin tức xác thực là còn sống;

c) Bị tai nạn hoặc thảm họa, thiên tai mà sau 02 năm, kể từ ngày tai nạn hoặc thảm hoạ, thiên tai đó chấm dứt vẫn không có tin tức xác thực là còn sống, trừ trường hợp pháp luật có quy định khác;

d) Biệt tích 05 năm liền trở lên và không có tin tức xác thực là còn sống; thời hạn này được tính theo quy định tại khoản 1 Điều 68 của Bộ luật này.

2. Căn cứ vào các trường hợp quy định tại khoản 1 Điều này, Tòa án xác định ngày chết của người bị tuyên bố là đã chết.

3. Quyết định của Tòa án tuyên bố một người là đã chết phải được gửi cho Ủy ban nhân dân cấp xã nơi cư trú của người bị tuyên bố là đã chết để ghi chú theo quy định của pháp luật về hộ tịch.

Căn cứ theo quy định hiện hành, tùy vào từng trường hợp cụ thể mà sau 02 năm, 03 năm hoặc 05 năm, bạn có thể yêu cầu tòa án sẽ tuyên bố chết đối với người chồng. Sau khi được tòa án tuyên bố chồng bạn đã chết, bạn có thể kết hôn với người chồng mới."
Người bị tòa án tuyên bố đã chết mà trở về thì quan hệ hôn nhân trước đó có còn được pháp luật thừa nhận?,"Tại Điều 67 Luật Hôn nhân và gia đình 2014 có quy định về quan hệ nhân thân, tài sản khi vợ, chồng bị tuyên bố là đã chết mà trở về như sau:

1. Khi Tòa án ra quyết định hủy bỏ tuyên bố một người là đã chết mà vợ hoặc chồng của người đó chưa kết hôn với người khác thì quan hệ hôn nhân được khôi phục kể từ thời điểm kết hôn. Trong trường hợp có quyết định cho ly hôn của Tòa án theo quy định tại khoản 2 Điều 56 của Luật này thì quyết định cho ly hôn vẫn có hiệu lực pháp luật. Trong trường hợp vợ, chồng của người đó đã kết hôn với người khác thì quan hệ hôn nhân được xác lập sau có hiệu lực pháp luật.

2. Quan hệ tài sản của người bị tuyên bố là đã chết trở về với người vợ hoặc chồng được giải quyết như sau:

a) Trong trường hợp hôn nhân được khôi phục thì quan hệ tài sản được khôi phục kể từ thời điểm quyết định của Tòa án hủy bỏ tuyên bố chồng, vợ là đã chết có hiệu lực. Tài sản do vợ, chồng có được kể từ thời điểm quyết định của Tòa án về việc tuyên bố chồng, vợ là đã chết có hiệu lực đến khi quyết định hủy bỏ tuyên bố chồng, vợ đã chết có hiệu lực là tài sản riêng của người đó;

b) Trong trường hợp hôn nhân không được khôi phục thì tài sản có được trước khi quyết định của Tòa án về việc tuyên bố vợ, chồng là đã chết có hiệu lực mà chưa chia được giải quyết như chia tài sản khi ly hôn.

Theo đó, trong trường hợp người bị tòa án tuyên bố đã chết mà trở về, nếu vợ hoặc chồng của người đó chưa kết hôn với người khác thì quan hệ hôn nhân được khôi phục kể từ thời điểm kết hôn. Trong trường hợp vợ/chồng của người đó đã kết hôn với người khác thì quan hệ hôn nhân sau có hiệu lực pháp luật."
Điều kiện kết hôn hiện nay tại Việt Nam được quy định như thế nào?,"Tại Điều 8 Luật Hôn nhân và gia đình 2014 có quy định về điều kiện kết hôn hiện nay tại Việt Nam như sau:

1. Nam, nữ kết hôn với nhau phải tuân theo các điều kiện sau đây:

a) Nam từ đủ 20 tuổi trở lên, nữ từ đủ 18 tuổi trở lên;

b) Việc kết hôn do nam và nữ tự nguyện quyết định;

c) Không bị mất năng lực hành vi dân sự;

d) Việc kết hôn không thuộc một trong các trường hợp cấm kết hôn theo quy định tại các điểm a, b, c và d khoản 2 Điều 5 của Luật này.

2. Nhà nước không thừa nhận hôn nhân giữa những người cùng giới tính.

Như vậy, tại Việt Nam, việc nam,nữ có mong muốn kết hôn với nhau cần đáp ứng điều kiện trên.

Trân trọng!"
Có được kết hôn khi là người đang chấp hành án treo hay không?,"Tại Điều 8 Luật Hôn nhân và gia đình 2014 có quy định về điều kiện để được kết hôn như sau:

1. Nam, nữ kết hôn với nhau phải tuân theo các điều kiện sau đây:

a) Nam từ đủ 20 tuổi trở lên, nữ từ đủ 18 tuổi trở lên;

b) Việc kết hôn do nam và nữ tự nguyện quyết định;

c) Không bị mất năng lực hành vi dân sự;

d) Việc kết hôn không thuộc một trong các trường hợp cấm kết hôn theo quy định tại các điểm a, b, c và d khoản 2 Điều 5 của Luật này.

2. Nhà nước không thừa nhận hôn nhân giữa những người cùng giới tính.

Và các trường hợp bị cấm kết hôn tại các điểm a, b, c và d khoản 2 Điều 5 Luật Hôn nhân và gia đình 2014 . Bao gồm:

2. Cấm các hành vi sau đây:

a) Kết hôn giả tạo, ly hôn giả tạo;

b) Tảo hôn, cưỡng ép kết hôn, lừa dối kết hôn, cản trở kết hôn;

c) Người đang có vợ, có chồng mà kết hôn hoặc chung sống như vợ chồng với người khác hoặc chưa có vợ, chưa có chồng mà kết hôn hoặc chung sống như vợ chồng với người đang có chồng, có vợ;

d) Kết hôn hoặc chung sống như vợ chồng giữa những người cùng dòng máu về trực hệ; giữa những người có họ trong phạm vi ba đời; giữa cha, mẹ nuôi với con nuôi; giữa người đã từng là cha, mẹ nuôi với con nuôi, cha chồng với con dâu, mẹ vợ với con rể, cha dượng với con riêng của vợ, mẹ kế với con riêng của chồng;

Như vậy, nếu cả 2 bạn đáp ứng các điều kiện trên và không thuộc một trong các trường hợp cấm kết hôn thì dù bạn trai bạn đang chấp hành án treo thì vẫn được kết hôn bạn nhé."
Cha mẹ đăng ký kết hôn thay cho con được không?,"Theo quy định tại Luật Hôn nhân và gia đình 2014 thì nam, nữ được đăng ký kết hôn tại cơ quan có thẩm quyền của Việt Nam, nhưng phải đáp ứng các điều kiện sau đây:

(1) Nam từ đủ 20 tuổi trở lên, nữ từ đủ 18 tuổi trở lên;

(2) Việc kết hôn do nam và nữ tự nguyện quyết định;

(3) Không bị mất năng lực hành vi dân sự;

(4) Việc kết hôn không thuộc một trong các trường hợp cấm kết hôn sau đây:

- Kết hôn giả tạo, ly hôn giả tạo;

- Tảo hôn, cưỡng ép kết hôn, lừa dối kết hôn, cản trở kết hôn;

- Người đang có vợ, có chồng mà kết hôn hoặc chung sống như vợ chồng với người khác hoặc chưa có vợ, chưa có chồng mà kết hôn hoặc chung sống như vợ chồng với người đang có chồng, có vợ;

- Kết hôn hoặc chung sống như vợ chồng giữa những người cùng dòng máu về trực hệ; giữa những người có họ trong phạm vi ba đời; giữa cha, mẹ nuôi với con nuôi; giữa người đã từng là cha, mẹ nuôi với con nuôi, cha chồng với con dâu, mẹ vợ với con rể, cha dượng với con riêng của vợ, mẹ kế với con riêng của chồng;

Theo quy định tại Khoản 1 Điều 9 Luật Hôn nhân và gia đình 2014 thì việc kết hôn phải được đăng ký và do cơ quan nhà nước có thẩm quyền thực hiện theo quy định của Luật Hôn nhân và gia đình 2014 và pháp luật về hộ tịch.

Lưu ý: Việc kết hôn không được đăng ký tại cơ quan nhà nước có thẩm quyền thì không có giá trị pháp lý.

Mặt khác, Tại Điều 18 Luật Hộ tịch 2014 có quy định như sau:

Điều 18. Thủ tục đăng ký kết hôn

1. Hai bên nam, nữ nộp tờ khai đăng ký kết hôn theo mẫu quy định cho cơ quan đăng ký hộ tịch và cùng có mặt khi đăng ký kết hôn.

2. Ngay sau khi nhận đủ giấy tờ theo quy định tại khoản 1 Điều này, nếu thấy đủ điều kiện kết hôn theo quy định của Luật hôn nhân và gia đình, công chức tư pháp - hộ tịch ghi việc kết hôn vào Sổ hộ tịch, cùng hai bên nam, nữ ký tên vào Sổ hộ tịch. Hai bên nam, nữ cùng ký vào Giấy chứng nhận kết hôn; công chức tư pháp - hộ tịch báo cáo Chủ tịch Ủy ban nhân dân cấp xã tổ chức trao Giấy chứng nhận kết hôn cho hai bên nam, nữ.

Trường hợp cần xác minh điều kiện kết hôn của hai bên nam, nữ thì thời hạn giải quyết không quá 05 ngày làm việc.

Như vậy, căn cứ quy định được trích dẫn trên đây thì hai bên nam, nữ khi đăng ký kết hôn phải tờ khai đăng ký kết hôn cho cơ quan đăng ký hộ tịch và cùng có mặt khi đăng ký kết hôn. Điều đó, đồng nghĩa hai bên nam, nữ khi đăng ký kết hôn với nhau phải trực tiếp đến cơ quan đăng ký hộ tịch để làm thủ tục đăng ký kết hôn mà không được ủy quyền cho người khác đi thay.

Do đó: Đối với trường hợp bạn và người yêu cùng quê, có dự định đăng ký kết hôn trong năm nay thì cả hai bạn phải trực tiếp đến cơ quan đăng ký hộ tịch để làm thủ tục đăng ký kết hôn, không được ủy quyền để cho cha mẹ hai bên ở quê đi đăng ký kết hôn cho hai bạn (cơ quan đăng ký hộ tịch sẽ không giải quyết).

Tuy nhiên, theo quy định tại khoản 1 Điều 17 Luật Hộ tịch 2014 thì Ủy ban nhân dân cấp xã nơi cư trú của một trong hai bên nam, nữ thực hiện đăng ký kết hôn.

Cũng theo Luật cư trú 2020 thì cư trú được hiểu là việc công dân sinh sống tại một địa điểm thuộc xã, phường, thị trấn dưới hình thức thường trú hoặc tạm trú. Còn nơi cư trú là chỗ ở hợp pháp mà người đó thường xuyên sinh sống. Nơi cư trú của công dân là nơi thường trú hoặc nơi tạm trú. Trong đó:

- Chỗ ở hợp pháp là nhà ở, phương tiện hoặc nhà khác mà công dân sử dụng để cư trú. Chỗ ở hợp pháp có thể thuộc quyền sở hữu của công dân hoặc được cơ quan, tổ chức, cá nhân cho thuê, cho mượn, cho ở nhờ theo quy định của pháp luật.

- Nơi thường trú là nơi công dân sinh sống thường xuyên, ổn định, không có thời hạn tại một chỗ ở nhất định và đã đăng ký thường trú.

- Nơi tạm trú là nơi công dân sinh sống ngoài nơi đăng ký thường trú và đã đăng ký tạm trú.

Như vậy, căn cứ các quy định trên đây thì không nhất thiết hai bạn phải về quê thì mới làm thủ tục đăng ký kết hôn được mà chỉ cần các bạn có đăng ký tạm trú tại địa phương nơi các bạn đang sinh sống và làm việc, thì các bạn có thể liên hệ với Ủy ban nhân dân xã, phường, thị trấn nơi mình đang tạm trú để làm thủ tục đăng ký kết hôn."
Chưa được xóa án tích có được đăng ký kết hôn không?,"Tại Điều 8 Luật Hôn nhân và gia đình 2014 có quy định về điều kiện kết hôn như sau:

Nam, nữ kết hôn với nhau phải tuân theo các điều kiện sau đây:

- Nam từ đủ 20 tuổi trở lên, nữ từ đủ 18 tuổi trở lên;

- Việc kết hôn do nam và nữ tự nguyện quyết định;

- Không bị mất năng lực hành vi dân sự;

- Việc kết hôn không thuộc một trong các trường hợp cấm kết hôn sau:

+ Kết hôn giả tạo, ly hôn giả tạo;

+ Tảo hôn, cưỡng ép kết hôn, lừa dối kết hôn, cản trở kết hôn;

+ Người đang có vợ, có chồng mà kết hôn hoặc chung sống như vợ chồng với người khác hoặc chưa có vợ, chưa có chồng mà kết hôn hoặc chung sống như vợ chồng với người đang có chồng, có vợ;

+ Kết hôn hoặc chung sống như vợ chồng giữa những người cùng dòng máu về trực hệ; giữa những người có họ trong phạm vi ba đời; giữa cha, mẹ nuôi với con nuôi; giữa người đã từng là cha, mẹ nuôi với con nuôi, cha chồng với con dâu, mẹ vợ với con rể, cha dượng với con riêng của vợ, mẹ kế với con riêng của chồng.

Như vậy, anh, chị bạn nếu đáp ứng được các điều kiện nêu trên thì có thể cùng nhau hoàn tất các thủ tục hồ sơ để đến Ủy ban xã nơi cư trú của một trong hai bên để thực hiện đăng ký kết hôn nhé. Còn việc có được xóa án tích chưa thì trong trường hợp này không bị ảnh hưởng gì.

Trân trọng!"
Có thai trước khi kết hôn có được xem là con chung của vợ chồng?,"Tại Điều 88 Luật Hôn nhân và gia đình 2014 có quy định về xác định cha, mẹ như sau:

1. Con sinh ra trong thời kỳ hôn nhân hoặc do người vợ có thai trong thời kỳ hôn nhân là con chung của vợ chồng.

Con được sinh ra trong thời hạn 300 ngày kể từ thời điểm chấm dứt hôn nhân được coi là con do người vợ có thai trong thời kỳ hôn nhân.

Con sinh ra trước ngày đăng ký kết hôn và được cha mẹ thừa nhận là con chung của vợ chồng.

2. Trong trường hợp cha, mẹ không thừa nhận con thì phải có chứng cứ và phải được Tòa án xác định.

Căn cứ theo quy định hiện hành, trong trường hợp vợ bạn có thai trước khi kết hôn và sinh ra trong thời kỳ hôn nhân thì pháp luật sẽ thừa nhận đây là con chung của hai bạn. Mặc khác, trong trường hợp c on sinh ra trước ngày đăng ký kết hôn và được hai vợ chồng bạn thừa nhận là con chung của vợ chồng thì pháp luật cũng sẽ thừa nhận đây là con chung của hai bạn."
"Người mẹ không kết hôn, con sinh ra có được lấy họ của mẹ?","Tại Điều 26 Bộ luật Dân sự 2015 có quy định về quyền có họ, tên như sau:

1. Cá nhân có quyền có họ, tên (bao gồm cả chữ đệm, nếu có) . Họ, tên của một người được xác định theo họ, tên khai sinh của người đó.

2. Họ của cá nhân được xác định là họ của cha đẻ hoặc họ của mẹ đẻ theo thỏa thuận của cha mẹ; nếu không có thỏa thuận thì họ của con được xác định theo tập quán. Trường hợp chưa xác định được cha đẻ thì họ của con được xác định theo họ của mẹ đẻ.

Trường hợp trẻ em bị bỏ rơi, chưa xác định được cha đẻ, mẹ đẻ và được nhận làm con nuôi thì họ của trẻ em được xác định theo họ của cha nuôi hoặc họ của mẹ nuôi theo thỏa thuận của cha mẹ nuôi. Trường hợp chỉ có cha nuôi hoặc mẹ nuôi thì họ của trẻ em được xác định theo họ của người đó.

Trường hợp trẻ em bị bỏ rơi, chưa xác định được cha đẻ, mẹ đẻ và chưa được nhận làm con nuôi thì họ của trẻ em được xác định theo đề nghị của người đứng đầu cơ sở nuôi dưỡng trẻ em đó hoặc theo đề nghị của người có yêu cầu đăng ký khai sinh cho trẻ em, nếu trẻ em đang được người đó tạm thời nuôi dưỡng.

Cha đẻ, mẹ đẻ được quy định trong Bộ luật này là cha, mẹ được xác định dựa trên sự kiện sinh đẻ; người nhờ mang thai hộ với người được sinh ra từ việc mang thai hộ theo quy định của Luật hôn nhân và gia đình.

3. Việc đặt tên bị hạn chế trong trường hợp xâm phạm đến quyền, lợi ích hợp pháp của người khác hoặc trái với các nguyên tắc cơ bản của pháp luật dân sự quy định tại Điều 3 của Bộ luật này.

Tên của công dân Việt Nam phải bằng tiếng Việt hoặc tiếng dân tộc khác của Việt Nam; không đặt tên bằng số, bằng một ký tự mà không phải là chữ.

4. Cá nhân xác lập, thực hiện quyền, nghĩa vụ dân sự theo họ, tên của mình.

5. Việc sử dụng bí danh, bút danh không được gây thiệt hại đến quyền, lợi ích hợp pháp của người khác.

Theo đó, trong trường hợp người mẹ không kết hôn thì con sinh ra được phép lấy họ của mẹ."
Điều kiện kết hôn giữa nam và nữ được quy định như thế nào?,"Tại Điều 8 Luật Hôn nhân và gia đình 2014 có quy định về điều kiện kết hôn như sau:

1. Nam, nữ kết hôn với nhau phải tuân theo các điều kiện sau đây:

a) Nam từ đủ 20 tuổi trở lên, nữ từ đủ 18 tuổi trở lên;

b) Việc kết hôn do nam và nữ tự nguyện quyết định;

c) Không bị mất năng lực hành vi dân sự;

d) Việc kết hôn không thuộc một trong các trường hợp cấm kết hôn theo quy định tại các điểm a, b, c và d khoản 2 Điều 5 của Luật này.

2. Nhà nước không thừa nhận hôn nhân giữa những người cùng giới tính.

Như vậy, nếu đáp ứng được các điều kiện trên thì nam nữ sẽ được kết hôn.

Trân trọng!"
Có được kết hôn với nhau khi là anh em cùng cha khác mẹ hay không?,"Tại điểm d khoản 2 Điều 5 Luật Hôn nhân và gia đình 2014 có quy định:

Bảo vệ chế độ hôn nhân và gia đình

...

2. Cấm các hành vi sau đây:

...

d) Kết hôn hoặc chung sống như vợ chồng giữa những người cùng dòng máu về trực hệ; giữa những người có họ trong phạm vi ba đời; giữa cha, mẹ nuôi với con nuôi; giữa người đã từng là cha, mẹ nuôi với con nuôi, cha chồng với con dâu, mẹ vợ với con rể, cha dượng với con riêng của vợ, mẹ kế với con riêng của chồng;

Theo đó, căn cứ quy định được trích dẫn trên đây thì pháp luật nghiêm cấm việc kết hôn hoặc chung sống như vợ chồng giữa những người cùng dòng máu về trực hệ; giữa những người có họ trong phạm vi ba đời.

Đồng nghĩa, những người cùng dòng máu về trực hệ hoặc có họ trong phạm vi ba đời thì không được kết hôn với nhau.

Trong đó, theo quy định tại Điều 3 Luật Hôn nhân và gia đình 2014 thì:

Giải thích từ ngữ

...

17. Những người cùng dòng máu về trực hệ là những người có quan hệ huyết thống, trong đó, người này sinh ra người kia kế tiếp nhau.

18. Những người có họ trong phạm vi ba đời là những người cùng một gốc sinh ra gồm cha mẹ là đời thứ nhất; anh, chị, em cùng cha mẹ, cùng cha khác mẹ, cùng mẹ khác cha là đời thứ hai; anh, chị, em con chú, con bác, con cô, con cậu, con dì là đời thứ ba.

...

Như vậy, căn cứ quy định được trích dẫn trên đây thì có thể xác định anh em cùng cha khác mẹ thuộc trường hợp là những người có họ trong phạm vi ba đời, trong đó có cha là đời thứ nhất và anh em cùng cha là đời thứ hai.

Mà theo như thông tin bạn cung cấp cho chúng tôi thì bạn và bạn gái quen nhau được 3 năm. Gần đây bạn có phát hiện thông tin rằng bạn gái mà bạn quen suốt 3 năm là em cùng cha khác mẹ với bạn, nhưng chưa có cơ sở khoa học hoặc pháp lý để chứng minh về vấn đề này.

Do đó, bạn nên thực hiện kiểm tra ADN để có kết luận chính xác nhất về trường hợp này. Nếu sau khi kiểm tra ADN mà cho ra kết quả hai người là anh em cùng cha khác mẹ thì hai bạn không thể kết hôn với nhau.

Trường hợp khi kiểm tra ADN mà cho ra kết quả không trùng khớp - tức hai bạn không phải là anh em cùng cha khác mẹ thì hai bạn có thể đăng ký kết hôn với nhau. Tuy nhiên hai người cần phải đáp ứng đủ các điều kiện kết hôn được quy định tại Điều 8 Luật Hôn nhân và gia đình 2014 ."
Có thể kết hôn với người bị bại liệt nửa người không?,"Căn cứ Điều 5 Luật Hôn nhân và gia đình 2014 và Điều 8 Luật Hôn nhân và gia đình 2014 quy đinh về các trường hợp cấm kết hôn và điều kiện để nam nữ kết hôn cụ thể như sau:

Cấm các hành vi sau đây:

- Kết hôn giả tạo, ly hôn giả tạo;

- Tảo hôn, cưỡng ép kết hôn, lừa dối kết hôn, cản trở kết hôn;

- Người đang có vợ, có chồng mà kết hôn hoặc chung sống như vợ chồng với người khác hoặc chưa có vợ, chưa có chồng mà kết hôn hoặc chung sống như vợ chồng với người đang có chồng, có vợ;

- Kết hôn hoặc chung sống như vợ chồng giữa những người cùng dòng máu về trực hệ; giữa những người có họ trong phạm vi ba đời; giữa cha, mẹ nuôi với con nuôi; giữa người đã từng là cha, mẹ nuôi với con nuôi, cha chồng với con dâu, mẹ vợ với con rể, cha dượng với con riêng của vợ, mẹ kế với con riêng của chồng;

...

Nam, nữ kết hôn với nhau phải tuân theo các điều kiện sau đây:

- Nam từ đủ 20 tuổi trở lên, nữ từ đủ 18 tuổi trở lên;

- Việc kết hôn do nam và nữ tự nguyện quyết định;

- Không bị mất năng lực hành vi dân sự;

- Việc kết hôn không thuộc một trong các trường hợp cấm kết hôn theo quy định tại các điểm a, b, c và d khoản 2 Điều 5 của Luật này.

Nhà nước không thừa nhận hôn nhân giữa những người cùng giới tính.

Như vậy, căn cứ quy định của pháp luật thì trường hợp người yêu bạn bị bại liệt nửa người không thuộc các trường hợp bị cấm kết hôn theo quy định của pháp luật và nếu hai bạn đáp ứng được các điều kiện để kết hôn thì hai bạn hoàn toàn có thể thực hiện thủ tục kết hôn với nhau.

Tuy nhiên, căn cứ Điều 18 Luật Hộ tịch 2014 quy định về thủ tục đăng ký kết hôn theo đó:

Thủ tục đăng ký kết hôn

1. Hai bên nam, nữ nộp tờ khai đăng ký kết hôn theo mẫu quy định cho cơ quan đăng ký hộ tịch và cùng có mặt khi đăng ký kết hôn.

...

Như vậy, vì người yêu bạn bị bại liệt do vậy sẽ rất khó khăn trong việc di chuyển để có mặt tại cơ quan tư pháp xã phường để cùng bạn đăng ký kết hôn, nếu giải quyết được vấn đề này thì bạn hoàn toàn có thể đăng ký kết hôn bình thường theo quy định của pháp luật."
Thủ tục đăng ký kết hôn với người Việt Nam ở trong nước như thế nào?,"1. Căn cứ pháp lý:

- Luật Hôn nhân và gia đình 2014 .

- Điều 11 Luật Hộ tịch 2014 và Điều 18 Luật Hộ tịch 2014 .

- Điều 2 Nghị định 123/2015/NĐ-CP và Điều 10 Nghị định 123/2015/NĐ-CP .

2. Điều kiện:

- Nam, nữ kết hôn với nhau phải tuân theo các điều kiện sau đây:

+ Nam từ đủ 20 tuổi trở lên, nữ từ đủ 18 tuổi trở lên.

+ Việc kết hôn do nam và nữ tự nguyện quyết định.

+ Không bị mất năng lực hành vi dân sự.

+ Việc kết hôn không thuộc một trong các trường hợp cấm kết hôn theo quy định tại các điểm a, b, c và d khoản 2 Điều 5 Luật Hôn nhân và gia đình 2014 .

- Nhà nước không thừa nhận hôn nhân giữa những người cùng giới tính.

3. Hồ sơ:

- Chứng minh nhân dân hoặc hộ chiếu hoặc thẻ căn cước công dân hoặc các giấy tờ khác có dán ảnh và thông tin cá nhân do cơ quan có thẩm quyền cấp, còn giá trị sử dụng (sau đây gọi là giấy tờ tùy thân) để chứng minh về nhân thân.

- Giấy xác nhận tình trạng hôn nhân nếu không thường trú tại xã nơi đăng ký kết hôn.

- Tờ khai đăng ký kết hôn theo mẫu.

4. Phương thức nộp:

Hồ sơ đăng ký kết hôn do hai bên nộp trực tiếp và cùng có mặt tại UBND cấp xã.

5. Cơ quan giải quyết:

Ủy ban nhân dân cấp xã nơi cư trú của một trong hai bên nam, nữ thực hiện đăng ký kết hôn.

6. Thời hạn giải quyết:

- Ngay sau khi nhận đủ giấy tờ theo quy định, nếu thấy đủ điều kiện kết hôn theo quy định của Luật hôn nhân và gia đình, công chức tư pháp - hộ tịch ghi việc kết hôn vào Sổ hộ tịch, cùng hai bên nam, nữ ký tên vào Sổ hộ tịch. Hai bên nam, nữ cùng ký vào Giấy chứng nhận kết hôn; công chức tư pháp - hộ tịch báo cáo Chủ tịch Ủy ban nhân dân cấp xã tổ chức trao Giấy chứng nhận kết hôn cho hai bên nam, nữ.

- Trường hợp cần xác minh điều kiện kết hôn của hai bên nam, nữ thì thời hạn giải quyết không quá 05 ngày làm việc.

7. Lệ phí: Được miễn phí.

Trân trọng!"
Vi phạm các điều kiện kết hôn là kết hôn trái pháp luật,"Khoản 1 Điều 8 Luật Hôn nhân và Gia đình quy định nam, nữ kết hôn với nhau phải tuân theo các điều kiện sau đây:

a) Nam từ đủ 20 tuổi trở lên, nữ từ đủ 18 tuổi trở lên;

b) Việc kết hôn do nam và nữ tự nguyện quyết định;

c) Không bị mất năng lực hành vi dân sự;

d) Việc kết hôn không thuộc một trong các trường hợp cấm kết hôn theo quy định tại các điểm a, b, c và d khoản 2 Điều 5 của luật này.

Theo khoản 6 Điều 3 Luật Hôn nhân và Gia đình: Kết hôn trái pháp luật là việc nam, nữ đã đăng ký kết hôn tại cơ quan nhà nước có thẩm quyền nhưng một bên hoặc cả hai bên vi phạm điều kiện kết hôn theo quy định tại Điều 8 của luật này.

Như vậy, nếu việc kết hôn của em anh không do cô ấy tự nguyện mà bị ép buộc xem như đã vi phạm một trong các điều kiện được phép kết hôn. Do vậy, em gái anh và gia đình nên bàn bạc lại vấn đề này."
Xử lý việc kết hôn trái pháp luật được quy định như thế nào?,"Tại Điều 11 Luật Hôn nhân và gia đình 2014 có quy định về xử lý việc kết hôn trái pháp luật như sau:

1. Xử lý việc kết hôn trái pháp luật được Tòa án thực hiện theo quy định tại Luật này và pháp luật về tố tụng dân sự.

2. Trong trường hợp tại thời điểm Tòa án giải quyết yêu cầu hủy việc kết hôn trái pháp luật mà cả hai bên kết hôn đã có đủ các điều kiện kết hôn theo quy định tại Điều 8 của Luật này và hai bên yêu cầu công nhận quan hệ hôn nhân thì Tòa án công nhận quan hệ hôn nhân đó. Trong trường hợp này, quan hệ hôn nhân được xác lập từ thời điểm các bên đủ điều kiện kết hôn theo quy định của Luật này.

3. Quyết định của Tòa án về việc hủy kết hôn trái pháp luật hoặc công nhận quan hệ hôn nhân phải được gửi cho cơ quan đã thực hiện việc đăng ký kết hôn để ghi vào sổ hộ tịch; hai bên kết hôn trái pháp luật; cá nhân, cơ quan, tổ chức liên quan theo quy định của pháp luật về tố tụng dân sự.

4. Tòa án nhân dân tối cao chủ trì phối hợp với Viện kiểm sát nhân dân tối cao và Bộ Tư pháp hướng dẫn Điều này.

Trân trọng!"
Xung khắc tuối thì có lấy nhau được không?,"Căn cứ quy định Điều 8 Luật Hôn nhân gia đình 2014 điều kiện kết hôn, như sau:

1. Nam, nữ kết hôn với nhau phải tuân theo các điều kiện sau đây:

a) Nam từ đủ 20 tuổi trở lên, nữ từ đủ 18 tuổi trở lên;

b) Việc kết hôn do nam và nữ tự nguyện quyết định;

c) Không bị mất năng lực hành vi dân sự;

d) Việc kết hôn không thuộc một trong các trường hợp cấm kết hôn theo quy định tại các điểm a, b, c và d khoản 2 Điều 5 của Luật này.

2. Nhà nước không thừa nhận hôn nhân giữa những người cùng giới tính.

Tại khoản 2 Điều 5 Luật Hôn nhân gia đình 2014 các hành vi bị cấm kết hôn, như sau:

a) Kết hôn giả tạo, ly hôn giả tạo;

b) Tảo hôn, cưỡng ép kết hôn, lừa dối kết hôn, cản trở kết hôn;

c) Người đang có vợ, có chồng mà kết hôn hoặc chung sống như vợ chồng với người khác hoặc chưa có vợ, chưa có chồng mà kết hôn hoặc chung sống như vợ chồng với người đang có chồng, có vợ;

d) Kết hôn hoặc chung sống như vợ chồng giữa những người cùng dòng máu về trực hệ; giữa những người có họ trong phạm vi ba đời; giữa cha, mẹ nuôi với con nuôi; giữa người đã từng là cha, mẹ nuôi với con nuôi, cha chồng với con dâu, mẹ vợ với con rể, cha dượng với con riêng của vợ, mẹ kế với con riêng của chồng;

đ) Yêu sách của cải trong kết hôn;

e) Cưỡng ép ly hôn, lừa dối ly hôn, cản trở ly hôn;

g) Thực hiện sinh con bằng kỹ thuật hỗ trợ sinh sản vì mục đích thương mại, mang thai hộ vì mục đích thương mại, lựa chọn giới tính thai nhi, sinh sản vô tính;

h) Bạo lực gia đình;

i) Lợi dụng việc thực hiện quyền về hôn nhân và gia đình để mua bán người, bóc lột sức lao động, xâm phạm tình dục hoặc có hành vi khác nhằm mục đích trục lợi.

Vì vậy, căn cứ theo các quy định trên, nếu bạn và bạn trai đáp ứng các điều kiện về độ tuổi kết hôn, hoàn toàn tự nguyện và không thuộc các điều kiện cấm kết hôn thì hai bạn có thể kết hôn với nhau."
Có chế tài nào xử lý khi ra sức cản trở người khác kết hôn hay không?,"Tùy theo tính chất, mức độ mà hành vi cản trở kết hôn có thể bị phạt hành chính hoặc thậm chí bị truy cứu trách nhiệm hình sự. Cụ thể:

Theo quy định khoản 1 Điều 59 Nghị định 82/2020/NĐ-CP , Phạt tiền từ 3.000.000 đồng đến 5.000.000 đồng đối với hành vi cản trở kết hôn, yêu sách của cải trong kết hôn hoặc cản trở ly hôn.

1. Phạt tiền từ 3.000.000 đồng đến 5.000.000 đồng đối với một trong các hành vi sau:

a) Đang có vợ hoặc đang có chồng mà kết hôn với người khác, chưa có vợ hoặc chưa có chồng mà kết hôn với người mà mình biết rõ là đang có chồng hoặc đang có vợ;

b) Đang có vợ hoặc đang có chồng mà chung sống như vợ chồng với người khác;

c) Chưa có vợ hoặc chưa có chồng mà chung sống như vợ chồng với người mà mình biết rõ là đang có chồng hoặc đang có vợ;

d) Kết hôn hoặc chung sống như vợ chồng giữa người đã từng là cha, mẹ nuôi với con nuôi, cha chồng với con dâu, mẹ vợ với con rể, cha dượng với con riêng của vợ, mẹ kế với con riêng của chồng;

đ) Cản trở kết hôn, yêu sách của cải trong kết hôn hoặc cản trở ly hôn.

Căn cứ Điều 181 Bộ luật Hình sự 2015 , quy định về tội cưỡng ép kết hôn, ly hôn hoặc cản trở hôn nhân tự nguyện, tiến bộ, cản trở ly hôn tự nguyện như sau:

Người nào cưỡng ép người khác kết hôn trái với sự tự nguyện của họ, cản trở người khác kết hôn hoặc duy trì quan hệ hôn nhân tự nguyện, tiến bộ hoặc cưỡng ép hoặc cản trở người khác ly hôn bằng cách hành hạ, ngược đãi, uy hiếp tinh thần, yêu sách của cải hoặc bằng thủ đoạn khác, đã bị xử phạt vi phạm hành chính về hành vi này mà còn vi phạm, thì bị phạt cảnh cáo, phạt cải tạo không giam giữ đến 03 năm hoặc phạt tù từ 03 tháng đến 03 năm.

Theo đó, hành vi cản trở kết hôn có thể bị phạt hành chính với mức phạt tiền từ 3.000.000 đồng đến 5.000.000 đồng. Ngoài ra, còn có thể bị truy cứu trách nhiệm hình sự với mức phạt cảnh cáo, phạt cải tạo không giam giữ hoặc phạt tù đến 03 năm.

Trân trọng!"
Giáo viên có được kết hôn với học sinh không?,"Căn cứ Điều 8 Luật Hôn nhân và gia đình 2014 có quy định điều kiện kết hôn như sau:

1. Nam, nữ kết hôn với nhau phải tuân theo các điều kiện sau đây: a) Nam từ đủ 20 tuổi trở lên, nữ từ đủ 18 tuổi trở lên; b) Việc kết hôn do nam và nữ tự nguyện quyết định; c) Không bị mất năng lực hành vi dân sự; d) Việc kết hôn không thuộc một trong các trường hợp cấm kết hôn theo quy định tại các điểm a, b, c và d khoản 2 Điều 5 của Luật này. 2. Nhà nước không thừa nhận hôn nhân giữa những người cùng giới tính.

Tại Khoản 2 Điều 5 Luật Hôn nhân và gia đình 2014 nghiêm cấm các hành vi như sau:

a) Kết hôn giả tạo, ly hôn giả tạo; b) Tảo hôn, cưỡng ép kết hôn, lừa dối kết hôn, cản trở kết hôn; c) Người đang có vợ, có chồng mà kết hôn hoặc chung sống như vợ chồng với người khác hoặc chưa có vợ, chưa có chồng mà kết hôn hoặc chung sống như vợ chồng với người đang có chồng, có vợ; d) Kết hôn hoặc chung sống như vợ chồng giữa những người cùng dòng máu về trực hệ; giữa những người có họ trong phạm vi ba đời; giữa cha, mẹ nuôi với con nuôi; giữa người đã từng là cha, mẹ nuôi với con nuôi, cha chồng với con dâu, mẹ vợ với con rể, cha dượng với con riêng của vợ, mẹ kế với con riêng của chồng; đ) Yêu sách của cải trong kết hôn; e) Cưỡng ép ly hôn, lừa dối ly hôn, cản trở ly hôn; g) Thực hiện sinh con bằng kỹ thuật hỗ trợ sinh sản vì mục đích thương mại, mang thai hộ vì mục đích thương mại, lựa chọn giới tính thai nhi, sinh sản vô tính; h) Bạo lực gia đình; i) Lợi dụng việc thực hiện quyền về hôn nhân và gia đình để mua bán người, bóc lột sức lao động, xâm phạm tình dục hoặc có hành vi khác nhằm mục đích trục lợi.

Như vậy, theo quy định như trên, không có quy định nghiêm cấm việc giáo viên không được kết hôn với học sinh. Tuy nhiên, để được kết hôn với học sinh này thì bạn và học sinh này phải đáp ứng đầy đủ các điều kiện theo quy định kể trên."
Giáo viên kết hôn với học sinh có bị kỷ luật không?,"Theo Điều 16 Nghị định 112/2020/NĐ-CP hình thức kỷ luật khiển trách áp dụng đối với hành vi vi phạm lần đầu, gây hậu quả ít nghiêm trọng, trừ các hành vi vi phạm quy định tại khoản 3 Điều 17 Nghị định này, thuộc một trong các trường hợp sau đây:

1. Không tuân thủ quy trình, quy định chuyên môn, nghiệp vụ, đạo đức nghề nghiệp và quy tắc ứng xử trong khi thực hiện hoạt động nghề nghiệp, đã được cấp có thẩm quyền nhắc nhở bằng văn bản; 2. Vi phạm quy định của pháp luật về: thực hiện chức trách, nhiệm vụ của viên chức; kỷ luật lao động; quy định, nội quy, quy chế làm việc của đơn vị sự nghiệp công lập đã được cấp có thẩm quyền nhắc nhở bằng văn bản; 3. Lợi dụng vị trí công tác nhằm mục đích vụ lợi; có thái độ hách dịch, cửa quyền hoặc gây khó khăn, phiền hà đối với nhân dân trong quá trình thực hiện công việc, nhiệm vụ được giao; xác nhận hoặc cấp giấy tờ pháp lý cho người không đủ điều kiện; xúc phạm danh dự, nhân phẩm, uy tín của người khác trong khi thực hiện hoạt động nghề nghiệp; 4. Không chấp hành quyết định phân công công tác của cấp có thẩm quyền; không thực hiện nhiệm vụ được giao mà không có lý do chính đáng; gây mất đoàn kết trong đơn vị; 5. Vi phạm quy định của pháp luật về: phòng, chống tội phạm; phòng, chống tệ nạn xã hội; trật tự, an toàn xã hội; phòng, chống tham nhũng; thực hành tiết kiệm, chống lãng phí; 6. Vi phạm quy định của pháp luật về bảo vệ bí mật nhà nước; 7. Vi phạm quy định của pháp luật về khiếu nại, tố cáo; 8. Vi phạm quy định của pháp luật về: đầu tư, xây dựng; đất đai, tài nguyên môi trường; tài chính, kế toán, ngân hàng; quản lý, sử dụng tài sản công trong quá trình hoạt động nghề nghiệp; 9. Vi phạm quy định của pháp luật về: phòng, chống bạo lực gia đình; dân số, hôn nhân và gia đình; bình đẳng giới; an sinh xã hội; quy định khác của pháp luật liên quan đến viên chức.

Theo đó, nếu bạn kết hôn với học sinh mà không đáp ứng được các điều kiện kết hôn như phần trên thì có bị kỷ luật với hình thức khiển trách, hình thức kỷ luật cụ thể phụ thuộc vào hậu quả gây ra.

Trân trọng!"
