question,ground_truth,chatbot_answer,chu_de_phap_ly,loai_cau_hoi,van_ban_phap_luat_lien_quan,dieu_khoan_ap_dung,tinh_trang_hieu_luc,can_cu_phap_ly_chinh,can_cu_phap_ly_bo_tro,van_ban_huong_dan_sua_doi_bo_sung_thay_the,can_cu_khong_nen_ap_dung,quan_he_chong_cheo_mau_thuan,legal_citation_accuracy,legal_validity_accuracy,citation_prioritization_accuracy,invalid_citation_rate,context_conflict_detection_rate,hallucination_rate,faithfulness,context_recall,answer_correctness
Tài sản chung của vợ chồng có được từ hoa lợi phát sinh từ tài sản riêng trong thời kỳ hôn nhân xác định như thế nào?,"Căn cứ quy định khoản 1 Điều 33 Luật Hôn nhân gia đinh 2014 quy định về tài sản chung của vợ chồng như sau:

Căn cứ quy định khoản 1 Điều 40 Luật Hôn nhân gia đinh 2014 quy định về hậu quả của việc chia tài sản chung trong thời kỳ hôn nhân như sau:

Tài sản chung của vợ chồng gồm tài sản do vợ, chồng tạo ra, thu nhập do lao động, hoạt động sản xuất, kinh doanh, hoa lợi, lợi tức phát sinh từ tài sản riêng và thu nhập hợp pháp khác trong thời kỳ hôn nhân.

Theo quy định nêu trên thì trong trường hợp chia tài sản chung của vợ chồng thì phần tài sản được chia, hoa lợi, lợi tức phát sinh từ tài sản riêng của mỗi bên sau khi chia tài sản chung là tài sản riêng của vợ, chồng.

Phần tài sản còn lại không chia vẫn là tài sản chung của vợ chồng.

Lưu ý: Trường hợp các bên có thỏa thuận khác thì sẽ được xử lý theo thỏa thuận đó.

Tài sản chung của vợ chồng có được từ hoa lợi phát sinh từ tài sản riêng trong thời kỳ hôn nhân xác định như thế nào? (Hình từ Internet)",,,,,,,,,,,,,,,,,,,,
Nghĩa vụ chung về tài sản của vợ chồng được quy định như thế nào?,"Căn cứ quy định Điều 37 Luật Hôn nhân gia đinh 2014 quy định về nghĩa vụ chung về tài sản của vợ chồng như sau:

Như vậy, vợ chồng có các nghĩa vụ chung về tài sản sau đây:

- Nghĩa vụ phát sinh từ giao dịch do vợ chồng cùng thỏa thuận xác lập, nghĩa vụ bồi thường thiệt hại mà theo quy định của pháp luật vợ chồng cùng phải chịu trách nhiệm;

- Nghĩa vụ do vợ hoặc chồng thực hiện nhằm đáp ứng nhu cầu thiết yếu của gia đình;

- Nghĩa vụ phát sinh từ việc chiếm hữu, sử dụng, định đoạt tài sản chung;

- Nghĩa vụ phát sinh từ việc sử dụng tài sản riêng để duy trì, phát triển khối tài sản chung hoặc để tạo ra nguồn thu nhập chủ yếu của gia đình;

- Nghĩa vụ bồi thường thiệt hại do con gây ra mà theo quy định của Bộ luật dân sự thì cha mẹ phải bồi thường;

- Nghĩa vụ khác theo quy định của các luật có liên quan.",,,,,,,,,,,,,,,,,,,,
Việc chia tài sản chung trong thời kỳ hôn nhân bị vô hiệu khi nào?,"Căn cứ quy định Điều 42 Luật Hôn nhân gia đinh 2014 việc chia tài sản chung trong thời kỳ hôn nhân bị vô hiệu khi thuộc một trong các trường hợp sau đây:

- Ảnh hưởng nghiêm trọng đến lợi ích của gia đình; quyền, lợi ích hợp pháp của con chưa thành niên, con đã thành niên mất năng lực hành vi dân sự hoặc không có khả năng lao động và không có tài sản để tự nuôi mình;

- Nhằm trốn tránh thực hiện các nghĩa vụ sau đây:

+ Nghĩa vụ nuôi dưỡng, cấp dưỡng;

+ Nghĩa vụ bồi thường thiệt hại;

+ Nghĩa vụ thanh toán khi bị Tòa án tuyên bố phá sản;

+ Nghĩa vụ trả nợ cho cá nhân, tổ chức;

+ Nghĩa vụ nộp thuế hoặc nghĩa vụ tài chính khác đối với Nhà nước;

+ Nghĩa vụ khác về tài sản theo quy định của pháp luật.

Trân trọng!",,,,,,,,,,,,,,,,,,,,
Thời kì hôn nhân là gì?,"Theo khoản 13 Điều 3 Luật Hôn nhân và gia đình 2014 quy định thời kì hôn nhân là khoảng thời gian tồn tại quan hệ vợ chồng, được tính từ ngày đăng ký kết hôn đến ngày chấm dứt hôn nhân.

Tài sản chung của vợ chồng trong thời kì hôn nhân có được lấy để trả nợ riêng không? (Hình từ Internet)",,,,,,,,,,,,,,,,,,,,
Tài sản chung trong thời kì hôn nhân bao gồm những tài sản nào?,"Theo quy định tại Điều 33 Luật Hôn nhân và gia đình 2014 quy định tài sản chung của vợ chồng như sau:

Như vậy, tài sản chung của vợ chồng gồm tài sản do vợ, chồng tạo ra, thu nhập do lao động, hoạt động sản xuất, kinh doanh, hoa lợi, lợi tức phát sinh từ tài sản riêng và thu nhập hợp pháp khác trong thời kỳ hôn nhân, trừ trường hợp vợ chồng tiến hành chia tài sản chung trong thời kỳ hôn nhân.

- Tài sản chung còn là tài sản mà vợ chồng được thừa kế chung hoặc được tặng cho chung và tài sản khác mà vợ chồng thỏa thuận là tài sản chung.

Tài sản chung của vợ chồng còn là quyền sử dụng đất mà vợ, chồng có được sau khi kết hôn là tài sản chung của vợ chồng, trừ trường hợp vợ hoặc chồng được thừa kế riêng, được tặng cho riêng hoặc có được thông qua giao dịch bằng tài sản riêng.",,,,,,,,,,,,,,,,,,,,
"Nợ riêng của vợ, chồng được quy định như thế nào?","Theo Điều 45 Luật Hôn nhân và gia đình 2014 quy định nghĩa vụ riêng về tài sản của vợ chồng như sau:

Như vậy, pháp luật không có quy định cụ thể như thế nào là nợ riêng nhưng có quy định về nghĩa vụ riêng về tài sản chung của vợ, chồng.

Quy định nghĩa vụ riêng về tài sản của vợ, chồng chính là căn cứ để xác định khoản nợ riêng và nguyên tắc giải quyết nợ riêng trong thời kì hôn nhân.

Theo khoản 20 Điều 3 Luật Hôn nhân và gia đình năm 2014 quy định về khái niệm nhu cầu thiết yếu như sau:

Nhu cầu thiết yếu là nhu cầu sinh hoạt thông thường về ăn, mặc, ở, học tập, khám bệnh, chữa bệnh và nhu cầu sinh hoạt thông thường khác không thể thiếu cho cuộc sống của mỗi người, mỗi gia đình.

Như vậy, không phải bất kỳ khoản nợ nào trong thời kỳ hôn nhân cũng được xác định là nợ riêng, mà nợ riêng trong thời kỳ hôn nhân được xác định khi một trong hai vợ chồng tự ý xác lập các giao dịch một cách độc lập, riêng lẻ, không cùng nhau và không phục vụ nhu cầu thiết yếu của gia đình.",,,,,,,,,,,,,,,,,,,,
Tài sản chung của vợ chồng trong thời kì hôn nhân có được lấy để trả nợ riêng không?,"Theo Điều 37 Luật Hôn nhân và gia đình 2014 quy định về nghĩa vụ chung về tài sản chung của vợ chồng như sau:

Đồng thời, tại Điều 27 Luật Hôn nhân và gia đình 2014 quy định về trách nhiệm liên đới của vợ chồng như sau:

Tại Điều 30 Luật Hôn nhân và gia đình 2014 có quy định:

Như vậy, nếu giao dịch người vợ hoặc chồng vay dùng để phục vụ nhu cầu sinh hoạt thiết yếu của gia đình hoặc giao dịch khác phù hợp quy định về đại diện giữa vợ chồng như: chăm sóc sức khỏe các thành viên trong gia đình, việc học hành của con…dù không bàn bạc với nhau nhưng vợ chồng vẫn phải có trách nhiệm liên đới trả.

Còn nếu giao dịch của vợ, chồng dùng để đáp ứng mục đích nhu cầu cá nhân mà không phục vụ nhu cầu thiết yếu được đưa vào sử dụng chung thì vợ, chồng không có nghĩa vụ liên đới trả nợ.

Trân trọng!",,,,,,,,,,,,,,,,,,,,
Chế độ tài sản chung của vợ chồng trong thời kỳ hôn nhân được quy định như thế nào?,"Căn cứ tại Điều 33 Luật Hôn nhân và gia đình 2014 quy định về tài sản chung của vợ chồng trong thời kỳ hôn nhân cụ thể như sau:

Như vậy, về nguyên tắc, những tài sản được coi là tài sản chung của vợ chồng trong thời kỳ hôn nhân thì thuộc sở hữu chung hợp nhất, được dùng để bảo đảm nhu cầu của gia đình, thực hiện nghĩa vụ chung của vợ chồng.

Theo đó, chế độ tài sản chung của vợ chồng trong thời kỳ hôn nhân bao gồm:

- Tài sản do vợ, chồng tạo ra

- Thu nhập từ lao động, hoạt động sản xuất, kinh doanh, từ hoa lợi, lợi tức của tài sản riêng

- Tài sản mà vợ, chồng được thừa kế chung hoặc được tặng cho chung

- Tài sản mà vợ chồng thỏa thuận là tài sản chung

- Quyền sử dụng đất mà vợ, chồng có được sau khi kết hôn trừ khi được thừa kế, tặng cho riêng hoặc có được thông qua giao dịch bằng tài sản riêng.

Chế độ tài sản chung của vợ chồng trong thời kỳ hôn nhân được quy định như thế nào? (Hình từ Internet)",,,,,,,,,,,,,,,,,,,,
Chồng ôm nợ về nhà khi đang trong thời kỳ hôn nhân có được xem là nợ chung?,"Cụ thể tại Điều 27 Luật Hôn nhân và gia đinh 2014 đã quy định về trách nhiệm liên đới của vợ chồng trong thời kỳ hôn nhân như sau:

Như vậy, việc chồng ôm nợ về nhà khi đang trong thời kỳ hôn nhân muốn biết được có phải là nợ chung không thì trước hết cần phải đủ một số điều kiện, bao gồm:

- Nhằm đáp ứng nhu cầu thiết yếu của gia đình.

- Khi một bên đại diện cho bên kia thông qua: ủy quyền, Tòa chỉ định, giám hộ…

- Khi Giấy chứng nhận quyền sở hữu, quyền sử dụng đất đối với tài sản chung chỉ ghi tên một người

Ngoài ra, với một số nghĩa vụ chung được quy định tại Điều 37 Luật Hôn nhân và gia đình 2014 quy định việc vợ chồng cũng phải chịu trách nhiệm liên đới:

- Phát sinh từ giao dịch do vợ chồng cùng thỏa thuận xác lập

- Phát sinh từ nghĩa vụ bồi thường thiệt hại vợ chồng cùng phải chịu trách nhiệm

- Do vợ hoặc chồng thực hiện nhằm đáp ứng nhu cầu thiết yếu của gia đình

- Phát sinh từ việc chiếm hữu, sử dụng, định đoạt tài sản chung

Như vậy, để xác định người vợ có phải chịu trách nhiệm trả nợ khi chồng vay tiền không thì phải căn cứ vào mục đích vay.

Theo đó, nếu mục đích vì nhu cầu của gia đình, do hai vợ chồng cùng thỏa thuận hoặc để bồi thường thiệt hại do hai vợ chồng cùng phải chịu thì người vợ có trách nhiệm trả nợ với người chồng.

Nếu ngược lại, người chồng vay tiền vì mục đích riêng, nghĩa vụ phát sinh khi một bên vi phạm thì người vợ không phải trả nợ cùng.",,,,,,,,,,,,,,,,,,,,
Vợ chồng trong thời kỳ hôn nhân được để dành tài sản riêng không?,"Đối với trường hợp này, Luật Hôn nhân và gia đình 2014 đã quy định tại Điều 47 cụ thể như sau:

Như vậy, việc vợ chồng trong thời kỳ hôn nhân được để dành tài sản riêng hay không thì phụ thuộc vào thỏa thuận giữa hai vợ chồng.

Nếu xác lập chế độ tài sản riêng thì phải được lập thành văn bản có công chứng trước khi kết hôn và có hiệu lực từ ngày đăng ký kết hôn.

Trân trọng!",,,,,,,,,,,,,,,,,,,,
Có được thành lập hợp đồng để phân chia tài sản giữa vợ và chồng không?,"Tại Điều 47 Luật Hôn nhân và gia đình 2014 quy định thỏa thuận xác lập chế độ tài sản của vợ chồng như sau:

Theo Điều 48 Luật Hôn nhân và gia đình 2014 quy định nội dung cơ bản của thỏa thuận về chế độ tài sản của vợ chồng như sau:

Như vậy, theo quy định trên, vợ chồng khi thỏa thuận tài sản thì có thể lập thành hợp đồng. Bạn có thể lập hợp đồng thỏa thuận để phân chia tài sản chung, tài sản riêng giữa hai vợ chồng. Hợp đồng phân chia tài sản của bạn và chồng bạn phải được công chứng hoặc chứng thực.

Giữa vợ và chồng có được thành lập hợp đồng phân chia tài sản không? (Hình từ Internet)",,,,,,,,,,,,,,,,,,,,
Xác lập hợp đồng hôn nhân nhằm kết hôn giả tạo bị phạt bao nhiêu tiền?,"Căn cứ Điều 59 Nghị định 82/2020/NĐ-CP quy định hành vi vi phạm quy định về kết hôn, ly hôn và vi phạm chế độ hôn nhân một vợ, một chồng như sau:

Tại khoản 4, khoản 5 Điều 4 Nghị định 82/2020/NĐ-CP quy định về mức phạt tiền như sau:

Do đó, người nào có hành vi lập hợp đồng hôn nhân nhằm kết hôn giả tạo để xuất cảnh, nhập cảnh thì sẽ bị phạt tiền từ 10.000.000 đồng đến 20.000.000 đồng. Ngoài ra, buộc phải nộp lại số lợi bất hợp pháp có từ việc lập hợp đồng hôn nhân nhằm kết hôn giả.",,,,,,,,,,,,,,,,,,,,
Trường hợp nào hợp đồng phân chia tài sản giữa vợ và chồng bị vô hiệu?,"Tại Điều 50 Luật Hôn nhân và gia đình 2014 quy định thỏa thuận về chế độ tài sản của vợ chồng bị vô hiệu như sau:

- Thỏa thuận về chế độ tài sản của vợ chồng bị Tòa án tuyên bố vô hiệu khi thuộc một trong các trường hợp sau đây:

+) Không tuân thủ điều kiện có hiệu lực của giao dịch được quy định tại Bộ luật dân sự và các luật khác có liên quan;

+) Vi phạm một trong các quy định tại các điều 29, 30, 31 và 32 của Luật này;

+) Nội dung của thỏa thuận vi phạm nghiêm trọng quyền được cấp dưỡng, quyền được thừa kế và quyền, lợi ích hợp pháp khác của cha, mẹ, con và thành viên khác của gia đình.

- Tòa án nhân dân tối cao chủ trì phối hợp với Viện kiểm sát nhân dân tối cao và Bộ Tư pháp hướng dẫn khoản 1 Điều này.

Trân trọng!",,,,,,,,,,,,,,,,,,,,
Vợ có được chia nhà đất mà chồng đứng tên nhà đất khi ly hôn không?,"Tại Điều 34 Luật Hôn nhân và gia đình 2014 có quy định:

Căn cứ quy định được trích dẫn trên đây thì về nguyên tắc tài sản chung của vợ chồng mà thuộc trường hợp bắt buộc phải đăng ký quyền sở hữu, quyền sử dụng thì giấy chứng nhận quyền sở hữu, giấy chứng nhận quyền sử dụng phải ghi tên cả hai vợ chồng.

Trường hợp vợ chồng có thỏa thuận khác về việc để một bên vợ hoặc chồng đứng tên trên giấy chứng nhận quyền sở hữu, giấy chứng nhận quyền sử dụng đối với tài sản đó thì thực hiện theo thỏa thuận đó.

Mặt khác, tại khoản 3 Điều 33 Luật Hôn nhân và gia đình 2014 có quy định:

Căn cứ quy định được trích dẫn trên đây trường hợp tài sản vợ, chồng đang có tranh chấp mà vợ, chồng bạn không có căn cứ để chứng minh tài sản đó là tài sản riêng hợp pháp của mình thì tài sản đó được coi là tài sản chung.

Trường hợp nhà đất mà vợ chồng mua nhưng chỉ có chồng bạn đứng tên trên giấy chứng nhận quyền sử dụng, nếu chồng bạn không chứng minh được đó là tài sản riêng của mình thì dưới góc độ pháp lý, các tài sản đó vẫn được xác định là tài sản chung của vợ chồng bạn trong thời ký hôn nhân.

Theo quy định tại Luật Hôn nhân và gia đình 2014 thì trường hợp đời sống hôn nhân của vợ, chồng lâm vào tình trạng trầm trọng, đời sống chung không thể kéo dài, mục đích của hôn nhân không đạt được thì vợ, chồng có quyền yêu cầu Tòa án giải quyết ly hôn theo yêu cầu của một bên (nếu một bên không đồng ý) hoặc cả hai người có quyền yêu cầu Tòa án công nhận thuận tình ly hôn (cả hai bên đều đồng ý).

Trường hợp vợ chồng bạn trong cuộc sống hôn nhân không mang lại hành phúc cho đôi bên và đôi bên không thể hòa giải được trong quá trình chung sống với nhau thì bạn hoặc chồng bạn hoặc cả hai có quyền yêu cầu Tòa án giải quyết ly hôn ly hôn theo quy định của pháp luật.

Hai vợ chồng tự thỏa thuận với nhau các vấn đề liên quan đến con cái, tài sản chung và các vấn đề khác liên quan đến quyền và nghĩa vụ của nhau khi ly hôn. Nếu không thỏa thuận được thì có thể yêu cầu Tòa án giải quyết theo quy định của pháp luật.

Kết luận: Từ các dẫn chứng trên đây có thể xác định trường hợp nhà đất mà vợ chồng mua nhưng chỉ có chồng bạn đứng tên trên giấy chứng nhận quyền sử dụng, nếu chồng bạn không chứng minh được tài sản đó là tài sản riêng của chồng bạn thì các tài sản là nhà, đất đó được coi là tài sản chung của vợ chồng bạn. Trường hợp khi ly hôn thì vợ chồng bạn có thể tự thỏa thuận về việc chia nhà, đất này. Nếu không thỏa thuận được thì có thể yêu cầu Tòa án chia theo quy định.

Trên đây là quan điểm tư vấn của chúng tôi đối với vấn đề mà bạn đang thắc mắc.

Vợ có được chia nhà đất mà chồng đứng tên nhà đất khi ly hôn không? (Hình từ Internet)",,,,,,,,,,,,,,,,,,,,
Con dâu có nghĩa vụ phải chăm sóc cha mẹ chồng sau khi ly hôn không?,"Căn cứ theo khoản 13 Điều 3 Luật Hôn nhân và gia đình 2014 giải thích nghĩa của từ Thời kỳ hôn nhân như sau:

Theo đó, tại Điều 57 Luật Hôn nhân và gia đình 2014 quy định về Thời điểm chấm dứt hôn nhân và trách nhiệm gửi bản án, quyết định ly hôn như sau:

Ngoài ra, Tại Điều 80 Luật Hôn nhân và gia đình 2014 quy định về Quyền, nghĩa vụ của con dâu, con rể, cha mẹ vợ, cha mẹ chồng như sau:

Như vậy, theo quy định hiện hành con dâu trong thời kỳ hôn nhân và sống chung với mẹ chồng thì phải thực hiện các nghĩa vụ tôn trọng, quan tâm, chăm sóc và giúp đỡ cha mẹ chồng. Tuy nhiên, thời điểm hôn nhân chấm dứt thì con dâu không phải đương nhiên sẽ chấm dứt quyền nghĩa vụ nuôi dưỡng với cha mẹ chồng.

Đối chiếu với trường hợp của bạn, mặc dù bạn đã ly hôn với chồng tuy nhiên bạn vẫn đang sống chung với bố mẹ chồng nên bạn có quyền và nghĩa vụ của con dâu đối với bố mẹ chồng.",,,,,,,,,,,,,,,,,,,,
Nợ sau ly hôn giải quyết như thế nào?,"Trường hợp hai người đã ly hôn và đã giải quyết vấn đề con chung, tài sản chung ổn thỏa. Khoản nợ của vợ bạn phát sinh khi hai người đã ly hôn có nghĩa đó chính là khoản nợ riêng của vợ bạn, thì đương nhiên nghĩa vụ trả nợ là của riêng người vợ.

Theo đó, bạn có thể tham khảo thêm tại Điều 33 Luật Hôn nhân và gia đình 2014 , có quy định tài sản chung của vợ chồng như sau:

Như vậy, khi ly giải quyết ly hôn, Tòa án sẽ chia đôi tài sản chung của vợ chồng và người vợ phải thực hiện nghĩa vụ trả nợ của người vợ là nghĩa vụ riêng của người vợ do đã xác lập sau khi ly hôn, tài sản dùng để trả nợ được lấy từ khối tài sản chung của vợ chồng sau khi chia cho người vợ. Lúc chia tài sản chắc hẳn cũng có dựa vào các yếu tố hoàn cảnh gia đình, công sức đóng góp,...

Tuy nhiên, hai bạn đã có sực rạch ròi, đã ly hôn và tài sản đã chia thì bạn an tâm, bạn không có nghĩa vụ phải trả khoản nợ của người vợ nhé.

Trên đây là nội dung tư vấn.

Trân trọng!",,,,,,,,,,,,,,,,,,,,
Trong thời kỳ hôn nhân có cần giấy xác nhận tình trạng hôn nhân khi chuyển nhượng phần đất có trước thời kì hôn nhân hay không?,"Theo quy định tại Điều 43 Luật Hôn nhân và gia đình 2014 có quy định như sau:

Như vậy, theo quy định của pháp luật quyền sử dụng đất mà vợ, chồng có được trước thời kỳ hôn nhân, nếu không có thỏa thuận gì khác (không thực hiện thủ tục sang tên quyền sử dụng đất sang tên cả vợ và chồng mà quyền sử dụng đất đó chỉ vẫn đứng tên vợ) thì sẽ được coi là tài sản riêng của vợ, chồng.

Khi thực hiện thủ tục chuyển nhượng quyền sử dụng đất một trong những thủ tục bắt buộc là phải công chứng hợp đồng chuyển nhượng.

Hồ sơ yêu cầu công chứng được lập thành một bộ theo quy định Điều 40 Luật Công chứng 2014 quy định gồm các giấy tờ sau đây:

- Phiếu yêu cầu công chứng.

- Giấy tờ tùy thân: Chứng minh nhân dân hoặc thẻ căn cước công dân hoặc hộ chiếu còn hạn sử dụng.

- Sổ hộ khẩu.

- Giấy tờ chứng minh quan hệ hôn nhân:

+ Giấy xác nhận tình trạng hôn nhân (giấy chứng nhận độc thân) nếu chưa kết hôn hoặc đã ly hôn.

+ Giấy đăng ký kết hôn nếu là hai vợ chồng.

Ngoài giấy tờ trên, các bên có thể soạn trước hợp đồng chuyển nhượng.

Như vậy, giấy xác nhận tình trạng hôn nhân (giấy chứng nhận độc thân) trong trường hợp anh/chị chưa kết hôn là bắt buộc để hoàn thiện hồ sơ công chứng hợp đồng chuyển nhượng quyền sử dụng đất.

Giấy xác nhận tình trạng hôn nhân có ý nghĩa là giấy tờ chứng minh đất mua trước thời kỳ hôn nhân (trước khi kết hôn) là tài sản riêng của anh chị, anh chị có quyền sử dụng, bán, tặng cho…(căn cứ vào khoản 1 Điều 40 Luật Hôn nhân và gia đình 2014).

Như vậy trường hợp của bạn chuyển nhượng phần đất có trước thời kì hôn nhân nên văn phòng công chứng yêu cầu có giấy xác nhận tình trạng hôn nhân là phù hợp.

Trong thời kỳ hôn nhân có cần giấy xác nhận tình trạng hôn nhân khi chuyển nhượng phần đất có trước thời kì hôn nhân hay không? (Hình từ Internet)",,,,,,,,,,,,,,,,,,,,
Hỏi về việc cấp giấy chứng nhận độc thân để đăng ký kết hôn?,"Theo Luật Hôn nhân và gia đình 2014 thì: Kết hôn là việc nam và nữ xác lập quan hệ vợ chồng với nhau theo quy định của Luật này về điều kiện kết hôn và đăng ký kết hôn.

Việc kết hôn phải được đăng ký và do cơ quan nhà nước có thẩm quyền thực hiện theo quy định của Luật này và pháp luật về hộ tịch. Việc kết hôn không được đăng ký theo quy định tại khoản này thì không có giá trị pháp lý.

Theo quy định tại Điều 17 Luật Hộ tịch 2014 , Điều 18 Luật Hộ tịch 2014 thì Thẩm quyền đăng ký kết hôn sẽ do Ủy ban nhân dân cấp xã nơi cư trú của một trong hai bên nam, nữ thực hiện đăng ký kết hôn.

Thủ tục đăng ký kết hôn bao gồm:

1. Hai bên nam, nữ nộp tờ khai đăng ký kết hôn theo mẫu quy định cho cơ quan đăng ký hộ tịch và cùng có mặt khi đăng ký kết hôn.

2. Ngay sau khi nhận đủ giấy tờ theo quy định tại khoản 1 Điều này, nếu thấy đủ điều kiện kết hôn theo quy định của Luật hôn nhân và gia đình, công chức tư pháp - hộ tịch ghi việc kết hôn vào Sổ hộ tịch, cùng hai bên nam, nữ ký tên vào Sổ hộ tịch. Hai bên nam, nữ cùng ký vào Giấy chứng nhận kết hôn; công chức tư pháp - hộ tịch báo cáo Chủ tịch Ủy ban nhân dân cấp xã tổ chức trao Giấy chứng nhận kết hôn cho hai bên nam, nữ.

Trường hợp cần xác minh điều kiện kết hôn của hai bên nam, nữ thì thời hạn giải quyết không quá 05 ngày làm việc.

Như vậy, bạn và cô gái đầu tiên ở Tp.HCM chưa đăng ký kết hôn thì bạn có thể đến Ủy ban Nhân dân nơi cô gái đó cư trú xin giấy xác nhận về việc hai bạn chưa đăng ký kết hôn để tiến hành thủ tục hủy giấy chứng nhận độc thân cũ và xin cấp mới để có thể đăng ký kết hôn.",,,,,,,,,,,,,,,,,,,,
"Mua nhà khi độc thân, giờ bán phải hỏi ý vợ?","Ở đây, vấn đề bạn hỏi được chia làm hai trường hợp:

Trường hợp 1 là nếu căn hộ chung cư bạn mua được cấp giấy trước khi đăng ký kết hôn thì đây là tài sản riêng của bạn và bạn có quyền bán mà không cần có ý kiến của người vợ (trừ trường hợp đây là nhà ở duy nhất của vợ chồng thì phải có sự thoả thuận của người vợ, theo quy định tại Điều 31 Luật Hôn nhân và gia đình 2014 ).

Trường hợp thứ hai: Ngược lại, mặc dù hợp đồng mua căn hộ chung cư được ký trước khi đăng ký kết hôn, nhưng giả sử bạn mới trả góp một phần tiền và một phần khác được trả sau khi đăng ký kết hôn, thì việc công chứng viên yêu cầu phải có ý kiến của người vợ là phù hợp quy định của pháp luật.

Như vậy, bạn xem mình thuộc trường hợp nào để chứng minh với công chứng viên về căn hộ chung cư mà bạn muốn bán.

Trân trọng!",,,,,,,,,,,,,,,,,,,,
"Thỏa thuận xác lập chế độ tài sản của vợ chồng có cần công chứng, chứng thực không?","Tại Điều 47 Luật Hôn nhân và gia đình 2014 quy định về thỏa thuận xác lập chế độ tài sản của vợ chồng, theo đó:

Tại Điều 49 Luật Hôn nhân và gia đình 2014 quy định về sửa đổi, bổ sung nội dung của thỏa thuận về chế độ tài sản của vợ chồng, như sau:

Bên cạnh đó, Điều 17 Nghị định 126/2014/NĐ-CP quy định sửa đổi, bổ sung nội dung của chế độ tài sản của vợ chồng:

Theo đó, vợ chồng bạn khi tiến hành thỏa thuận xác lập chế độ tài sản của vợ chồng phải được lập trước khi kết hôn, bằng hình thức văn bản và được công chứng hoặc chứng thực.

Có cần công chứng, chứng thực với thỏa thuận xác lập chế độ tài sản của vợ chồng không? (Hình từ Internet)",,,,,,,,,,,,,,,,,,,,
Việc công chứng văn bản thỏa thuận phân chia di sản được tiến hành như thế nào?,"Căn cứ Điều 57 Luật Công chứng 2014 quy định công chứng văn bản thỏa thuận phân chia di sản, theo đó:

Như vậy, đối chiếu với quy định này thì việc công chứng văn bản thỏa thuận phân chia di sản được tiến hành như trên.

Trân trọng!",,,,,,,,,,,,,,,,,,,,
"Trong kỳ hôn nhân, vợ chồng có thể thỏa thuận chia một phần tài sản chung không?","Căn cứ theo Điều 38 Luật Hôn nhân và gia đình 2014 quy định về việc chia tài sản chung trong thời kỳ hôn nhân như sau:

Vì vậy, dựa trên quy định này anh chị có thể thỏa thuận chia một phần hoặc toàn bộ tài tài sản chung trong thời kỳ hôn nhân. Nếu không thể thỏa thuận thì anh/chị có thể yêu cầu tòa án giải quyết.

Vợ chồng có thể thỏa thuận chia một phần tài sản chung trong thời kỳ hôn nhân được không? (Hình từ Internet)",,,,,,,,,,,,,,,,,,,,
Trường hợp nào việc chia tài sản chung trong thời kỳ hôn nhân bị vô hiệu?,"Tại Điều 42 Luật Hôn nhân và gia đình 2014 chia tài sản chung trong thời kỳ hôn nhân bị vô hiệu nếu thuộc một trong các trường hợp sau đây:

Theo đó, việc chia tài sản chung trong thời kì hôn nhân có thể bị vô hiệu nếu thuộc vào các trường hợp như trên.

Trân trọng!",,,,,,,,,,,,,,,,,,,,
Trúng vé số có cần cho vợ biết không?,"Căn cứ vào Điều 43 Luật Hôn nhân và gia đình 2014 quy định về tài sản riêng của vợ, chồng như sau:

Vì vậy, căn cứ theo quy định trên tiền thưởng từ vé số không phải là tài sản riêng của anh, cho nên trong trường hợp này vợ anh cần phải biết về khoản tiền này.

Vợ có cần biết về khoản tiền trúng vé số không? Trong thời kỳ hôn nhân tiền trúng số có phải là thu nhập hợp pháp không? (Hình từ Internet)",,,,,,,,,,,,,,,,,,,,
Tiền trúng số có phải là thu nhập hợp pháp trong thời kỳ hôn nhân hay không?,"Căn cứ vào Điều 9 Nghị định 126/2014/NĐ-CP quy định về thu nhập hợp pháp khác của vợ, chồng trong thời kỳ hôn nhân như sau:

Do đó, khoản thu nhập từ tiền trúng xổ số được xem là khoản thu nhập hợp pháp trong thời kỳ hôn nhân và là tài sản chung của vợ chồng anh.

Trân trọng!",,,,,,,,,,,,,,,,,,,,
Chế độ tài sản của vợ chồng được lập thành thỏa thuận như thế nào?,"Chào anh chị. Em chuẩn bị kết hôn và muốn xác lập chế độ tài sản của hai vợ chồng rõ ràng, không có liên quan gì về vấn đề tài sản với nhau giữa hai người. Vậy việc lập thỏa thuận về chế độ tài sản phải làm thế nào ạ?",,,,,,,,,,,,,,,,,,,,
"Nam, nữ đã có gia đình mà chung sống như vợ chồng với nhau bị xử lý thế nào?","Anh Tài có câu hỏi: Tôi đã có vợ và hai con nhưng cuộc sống không hạnh phúc. Nay tôi có qua lại, chung sống như vợ chồng với một người phụ nữ khác cũng đã có gia đình. Hai chúng tôi yêu thương nhau thật lòng, nhưng cũng không muốn ly hôn với người cũ. Không biết hành vi này có vi phạm pháp luật không? Nếu có thì bị xử lý thế nào?",,,,,,,,,,,,,,,,,,,,
Vợ chồng bỏ nhau thì có được kết hôn lại với người khác?,Thưa luật sư tôi có đăng ký kết hôn trên pháp luật nhưng nay vợ chồng bỏ nhau theo phong tục tập quán như vậy tôi có được phép kết hôn với người khác không ạ?,,,,,,,,,,,,,,,,,,,,
Trong thời kỳ hôn nhân bán tài sản riêng thì có trở thành tài sản chung không?,"Tôi tên là Lan, tôi và chồng đã lấy nhau được 05 năm tuy nhiên lúc trước khi lấy chồng bố mẹ có cho một mảnh đất. Tôi muốn hỏi là bây giờ tôi bán đất thì tiền bán đất đó có trở thành tài sản chung của vợ chồng không?",,,,,,,,,,,,,,,,,,,,
Có coi cổ vật được đào là tài sản chung của vợ chồng không?,"Xin hỏi, trong trường hợp chồng đào được đồ cổ, không phải là những cổ vật về lịch sự, văn hóa và được xác lập quyền sở hữu thì cho hỏi đây là tài sản chung của vợ chồng hay tài sản riêng của chồng?",,,,,,,,,,,,,,,,,,,,
Tiền mà người vợ nhặt được là tài sản riêng hay tài sản chung của vợ chồng?,"Tôi muốn hỏi, trường hợp vợ nhặt được tiền bị đánh rơi, đã thông báo cơ quan chính quyền. Nhưng tôi muốn hỏi nếu hết thời hạn không ai nhận thì đây được xem là tài sản chung hay tài sản riêng?",,,,,,,,,,,,,,,,,,,,
Xác định chế độ tài sản của vợ chồng theo thỏa thuận?,"Việc xác định tài sản của vợ chồng theo thỏa thuận được quy định như thế nào? Xin chào Ban biên tập, tôi là Phạm Quang Anh, tôi đang có nhu cầu tìm hiểu các quy định của pháp luật liên quan đến hôn nhân và gia đình, chế độ tài sản của vợ chồng, giải quyết các việc về hôn nhân và gia đình có yếu tố nước ngoài. Tôi đang có thắc mắc cần Ban biên tập giải đáp giúp tôi. Cho tôi hỏi, việc xác định tài sản của vợ chồng theo thỏa thuận được quy định cụ thể ra sao? Tôi có thể tìm hiểu thông tin tại văn bản pháp luật nào? Mong nhận được sự phản hồi từ Ban biên tập. Xin chân thành cảm ơn!",,,,,,,,,,,,,,,,,,,,
Hậu quả pháp lý của việc chia tài sản chung của vợ chồng trong thời kỳ hôn nhân,"Hậu quả pháp lý của việc chia tài sản chung của vợ chồng trong thời kỳ hôn nhân được quy định như thế nào? Xin chào Ban biên tập, tôi là Trần Thị Lan Anh, tôi đang có nhu cầu tìm hiểu các quy định của pháp luật liên quan đến hôn nhân và gia đình, chế độ tài sản của vợ chồng, giải quyết các việc về hôn nhân và gia đình có yếu tố nước ngoài. Tôi đang có thắc mắc cần Ban biên tập giải đáp giúp tôi. Cho tôi hỏi, hậu quả pháp lý của việc chia tài sản chung của vợ chồng trong thời kỳ hôn nhân được quy định cụ thể ra sao? Tôi có thể tìm hiểu thông tin tại văn bản pháp luật nào? Mong nhận được sự phản hồi từ Ban biên tập. Xin chân thành cảm ơn!",,,,,,,,,,,,,,,,,,,,
Vợ chồng có quyền thỏa thuận phân định chế độ tài sản chung và riêng,"Chúng tôi là những người gãy gánh, đều có việc làm ổn định và dự định kết hôn. Nhưng do ai cũng có con riêng nên tôi định gợi ý với người dự định kết hôn về tài sản là trong quá trình chung sống, chúng tôi đưa một phần thu nhập vào tài sản chung để chăm lo gia đình, phần còn lại của ai cứ giữ để lo cho con học hành. Tôi không muốn anh ấy nghĩ rằng tôi ích kỹ và cũng không muốn trong quá trình chung sống làm phiền nhau về việc tiền bạc nhưng không biết như thế có đúng không?",,,,,,,,,,,,,,,,,,,,
Tôi muốn hỏi việc đăng ký thỏa thuận xác lập chế độ tài sản của vợ chồng tại đâu thì hợp pháp? Cảm ơn.,"Điều 47 Luật Hôn nhân Gia đình 2014 quy định:

Trong trường hợp hai bên kết hôn lựa chọn chế độ tài sản theo thỏa thuận thì thỏa thuận này phải được lập trước khi kết hôn, bằng hình thức văn bản có công chứng hoặc chứng thực. Chế độ tài sản của vợ chồng theo thỏa thuận được xác lập kể từ ngày đăng ký kết hôn.

Nội dung cơ bản của thỏa thuận về chế độ tài sản của vợ chồng gồm (Điều 48):

- Nội dung cơ bản của thỏa thuận về chế độ tài sản bao gồm:

+ Tài sản được xác định là tài sản chung, tài sản riêng của vợ, chồng;

+ Quyền, nghĩa vụ của vợ chồng đối với tài sản chung, tài sản riêng và giao dịch có liên quan; tài sản để bảo đảm nhu cầu thiết yếu của gia đình;

+ Điều kiện, thủ tục và nguyên tắc phân chia tài sản khi chấm dứt chế độ tài sản;

+ Nội dung khác có liên quan.

- Khi thực hiện chế độ tài sản theo thỏa thuận mà phát sinh những vấn đề chưa được vợ chồng thỏa thuận hoặc thỏa thuận không rõ ràng thì áp dụng quy định tại các điều 29, 30, 31 và 32 của Luật này và quy định tương ứng của chế độ tài sản theo luật định.

Thủ tục công chứng thỏa thuận xác lập chế độ tài sản của vợ chồng được thực hiện theo quy định tại Điều 40 Luật Công chứng 2014. Trường hợp không thực hiện công chứng thì các bên có thể thực hiện chứng thực tại UBND.

Trân trọng!",,,,,,,,,,,,,,,,,,,,
"Chào anh chị. Em chuẩn bị kết hôn và muốn xác lập chế độ tài sản của hai vợ chồng rõ ràng, không có liên quan gì về vấn đề tài sản với nhau giữa hai người. Vậy việc lập thỏa thuận về chế độ tài sản phải làm thế nào ạ?","Theo Điều 28 Luật Hôn nhân và gia đình năm 2014 thì vợ chồng có quyền lựa chọn áp dụng chế độ tài sản theo luật định hoặc chế độ tài sản theo thỏa thuận.

Điều 47 Luật Hôn nhân và gia đình năm 2014 có quy định như sau:

- Trong trường hợp hai bên kết hôn lựa chọn chế độ tài sản theo thỏa thuận thì thỏa thuận này phải được lập trước khi kết hôn, bằng hình thức văn bản có công chứng hoặc chứng thực. Chế độ tài sản của vợ chồng theo thỏa thuận được xác lập kể từ ngày đăng ký kết hôn.

=> Như vậy. việc lập thỏa thuận xác lập chế độ tài sản của vợ chồng được tiến hành như sau:

* Thời điểm lập thỏa thuận: Thỏa thuận phải được lập trước khi kết hôn.

* Hình thức của thỏa thuận: Văn bản có công chứng hoặc chứng thực.

Ngoài ra, cần lưu ý đến các vấn đề sau đây:

* Nội dung cơ bản của thỏa thuận

Theo Khoản 1 Điều 48 Luật Hôn nhân và gia đình năm 2014, nội dung cơ bản của thỏa thuận về chế độ tài sản bao gồm:

- Tài sản được xác định là tài sản chung, tài sản riêng của vợ, chồng;

- Quyền, nghĩa vụ của vợ chồng đối với tài sản chung, tài sản riêng và giao dịch có liên quan; tài sản để bảo đảm nhu cầu thiết yếu của gia đình;

- Điều kiện, thủ tục và nguyên tắc phân chia tài sản khi chấm dứt chế độ tài sản;

- Nội dung khác có liên quan.

* Thỏa thuận bị Tòa án tuyên bố vô hiệu khi thuộc một trong các trường hợp theo quy định tại Điều 50 Luật Hôn nhân và gia đình, cụ thể:

- Không tuân thủ điều kiện có hiệu lực của giao dịch được quy định tại Bộ luật dân sự và các luật khác có liên quan;

- Vi phạm một trong các quy định tại các điều 29, 30, 31 và 32 của Luật này;

- Nội dung của thỏa thuận vi phạm nghiêm trọng quyền được cấp dưỡng, quyền được thừa kế và quyền, lợi ích hợp pháp khác của cha, mẹ, con và thành viên khác của gia đình.

Trên đây là toàn bộ thông tin về viêc lập thỏa thuận xác lập chế độ tài sản của vợ chồng mà chúng tôi cung cấp đến bạn.

Trân trọng!",,,,,,,,,,,,,,,,,,,,
Ban biên tập hãy giải đáp giúp tôi thắc mắc sau đây: Nguyên tắc chung về chế độ tài sản của vợ chồng được quy định như thế nào? Mong sớm nhận được sự phản hồi. Xin chân thành cảm ơn!,"Nguyên tắc chung về chế độ tài sản của vợ chồng được quy định tại Điều 29 Luật Hôn nhân và gia đình 2014 với nội dung như sau:

- Vợ, chồng bình đẳng với nhau về quyền, nghĩa vụ trong việc tạo lập, chiếm hữu, sử dụng, định đoạt tài sản chung; không phân biệt giữa lao động trong gia đình và lao động có thu nhập.

- Vợ, chồng có nghĩa vụ bảo đảm điều kiện để đáp ứng nhu cầu thiết yếu của gia đình.

- Việc thực hiện quyền, nghĩa vụ về tài sản của vợ chồng mà xâm phạm đến quyền, lợi ích hợp pháp của vợ, chồng, gia đình và của người khác thì phải bồi thường.

Trên đây là nội dung giải đáp về nguyên tắc chung về chế độ tài sản của vợ chồng.

Trân trọng!",,,,,,,,,,,,,,,,,,,,
"Có được thỏa thuận xác lập chế độ tài sản của vợ chồng sau khi kết hôn không? Xin chào Ban biên tập, tôi là Duy Thành, tôi đang có nhu cầu tìm hiểu các quy định của pháp luật liên quan đến lĩnh vực hôn nhân và gia đình. Tôi đang có thắc mắc cần Ban biên tập giải đáp giúp tôi. Cho tôi hỏi, thỏa thuận xác lập chế độ tài sản của vợ chồng được quy định cụ thể ra sao? Có được thỏa thuận xác lập chế độ tài sản của vợ chồng sau khi kết hôn không? Tôi có thể tìm hiểu thông tin tại văn bản pháp luật nào? Mong nhận được sự phản hồi từ Ban biên tập. Xin chân thành cảm ơn!
Duy Thành (duythanh*****@gmail.com)","Theo quy định tại Điều 47 Luật Hôn nhân và gia đình 2014 thì thỏa thuận xác lập chế độ tài sản của vợ chồng được quy định cụ thể như sau:

Trong trường hợp hai bên kết hôn lựa chọn chế độ tài sản theo thỏa thuận thì thỏa thuận này phải được lập trước khi kết hôn, bằng hình thức văn bản có công chứng hoặc chứng thực. Chế độ tài sản của vợ chồng theo thỏa thuận được xác lập kể từ ngày đăng ký kết hôn.

Căn cứ quy định mà Ban biên tập đã trích dẫn trên đây thì trong trường hợp hai bên kết hôn lựa chọn chế độ tài sản theo thỏa thuận thì thỏa thuận này phải được lập trước khi kết hôn, bằng hình thức văn bản có công chứng hoặc chứng thực.

Nội dung cơ bản của thỏa thuận về chế độ tài sản bao gồm:

- Tài sản được xác định là tài sản chung, tài sản riêng của vợ, chồng;

- Quyền, nghĩa vụ của vợ chồng đối với tài sản chung, tài sản riêng và giao dịch có liên quan; tài sản để bảo đảm nhu cầu thiết yếu của gia đình;

- Điều kiện, thủ tục và nguyên tắc phân chia tài sản khi chấm dứt chế độ tài sản;

- Nội dung khác có liên quan.

Trên đây là nội dung tư vấn về thỏa thuận xác lập chế độ tài sản của vợ chồng. Để biết thêm thông tin chi tiết, bạn nên tham khảo thêm tại Luật Hôn nhân và gia đình 2014.

Trân trọng!",,,,,,,,,,,,,,,,,,,,
"Nội dung cơ bản của thỏa thuận về chế độ tài sản của vợ chồng được quy định như thế nào? Xin chào Ban biên tập, tôi là Hồng Thanh, tôi đang có nhu cầu tìm hiểu các quy định của pháp luật liên quan đến lĩnh vực hôn nhân và gia đình. Tôi đang có thắc mắc cần Ban biên tập giải đáp giúp tôi. Cho tôi hỏi, nội dung cơ bản của thỏa thuận về chế độ tài sản của vợ chồng được quy định cụ thể ra sao? Tôi có thể tìm hiểu thông tin tại văn bản pháp luật nào? Mong nhận được sự phản hồi từ Ban biên tập. Xin chân thành cảm ơn!
Hồng Thanh (hongthanh*****@gmail.com)","Theo quy định tại Điều 48 Luật Hôn nhân và gia đình 2014 thì thỏa thuận xác lập chế độ tài sản của vợ chồng được quy định như sau:

Trong trường hợp hai bên kết hôn lựa chọn chế độ tài sản theo thỏa thuận thì thỏa thuận này phải được lập trước khi kết hôn, bằng hình thức văn bản có công chứng hoặc chứng thực. Chế độ tài sản của vợ chồng theo thỏa thuận được xác lập kể từ ngày đăng ký kết hôn.

Điều 48 Luật Hôn nhân và gia đình 2014 quy định nội dung cơ bản của thỏa thuận về chế độ tài sản bao gồm:

- Tài sản được xác định là tài sản chung, tài sản riêng của vợ, chồng;

- Quyền, nghĩa vụ của vợ chồng đối với tài sản chung, tài sản riêng và giao dịch có liên quan; tài sản để bảo đảm nhu cầu thiết yếu của gia đình;

- Điều kiện, thủ tục và nguyên tắc phân chia tài sản khi chấm dứt chế độ tài sản;

- Nội dung khác có liên quan.

Khi thực hiện chế độ tài sản theo thỏa thuận mà phát sinh những vấn đề chưa được vợ chồng thỏa thuận hoặc thỏa thuận không rõ ràng thì áp dụng quy định tại các điều 29, 30, 31 và 32 của Luật Hôn nhân và gia đình 2014 và quy định tương ứng của chế độ tài sản theo luật định.

Trên đây là nội dung tư vấn về nội dung cơ bản của thỏa thuận về chế độ tài sản của vợ chồng. Để biết thêm thông tin chi tiết, bạn nên tham khảo thêm tại Luật Hôn nhân và gia đình 2014.

Trân trọng!",,,,,,,,,,,,,,,,,,,,
"Thỏa thuận xác lập chế độ tài sản của vợ chồng có bắt vuộc phải công chứng, chứng thực không? Xin chào Ban biên tập, tôi là Hồng Thanh, tôi đang có nhu cầu tìm hiểu các quy định của pháp luật liên quan đến lĩnh vực hôn nhân và gia đình. Tôi đang có thắc mắc cần Ban biên tập giải đáp giúp tôi. Cho tôi hỏi, Thỏa thuận xác lập chế độ tài sản của vợ chồng có bắt vuộc phải công chứng, chứng thực không? Tôi có thể tìm hiểu thông tin tại văn bản pháp luật nào? Mong nhận được sự phản hồi từ Ban biên tập. Xin chân thành cảm ơn!
Hồng Thanh (hongthanh*****@gmail.com)","Theo quy định tại Điều 47 Luật Hôn nhân và gia đình 2014 thì thỏa thuận xác lập chế độ tài sản của vợ chồng được quy định cụ thể như sau:

Trong trường hợp hai bên kết hôn lựa chọn chế độ tài sản theo thỏa thuận thì thỏa thuận này phải được lập trước khi kết hôn, bằng hình thức văn bản có công chứng hoặc chứng thực. Chế độ tài sản của vợ chồng theo thỏa thuận được xác lập kể từ ngày đăng ký kết hôn.

Điều 48 Luật Hôn nhân và gia đình 2014 quy định nội dung cơ bản của thỏa thuận về chế độ tài sản bao gồm:

- Tài sản được xác định là tài sản chung, tài sản riêng của vợ, chồng;

- Quyền, nghĩa vụ của vợ chồng đối với tài sản chung, tài sản riêng và giao dịch có liên quan; tài sản để bảo đảm nhu cầu thiết yếu của gia đình;

- Điều kiện, thủ tục và nguyên tắc phân chia tài sản khi chấm dứt chế độ tài sản;

- Nội dung khác có liên quan.

Khi thực hiện chế độ tài sản theo thỏa thuận mà phát sinh những vấn đề chưa được vợ chồng thỏa thuận hoặc thỏa thuận không rõ ràng thì áp dụng quy định tại các điều 29, 30, 31 và 32 của Luật Hôn nhân và gia đình 2014 và quy định tương ứng của chế độ tài sản theo luật định.

Căn cứ quy định mà Ban biên tập đã trích dẫn trên đây thì thỏa thuận xác lập chế độ tài sản của vợ chồng phải được lập trước khi kết hôn, bằng hình thức văn bản có công chứng hoặc chứng thực.

Trên đây là nội dung tư vấn về nội dung cơ bản của thỏa thuận về chế độ tài sản của vợ chồng. Để biết thêm thông tin chi tiết, bạn nên tham khảo thêm tại Luật Hôn nhân và gia đình 2014.

Trân trọng!",,,,,,,,,,,,,,,,,,,,
"Thỏa thuận xác lập chế độ tài sản của vợ chồng có bắt vuộc phải lập thành văn bản hay không? Xin chào Ban biên tập, tôi là Hồng Thanh, tôi đang có nhu cầu tìm hiểu các quy định của pháp luật liên quan đến lĩnh vực hôn nhân và gia đình. Tôi đang có thắc mắc cần Ban biên tập giải đáp giúp tôi. Cho tôi hỏi, thỏa thuận xác lập chế độ tài sản của vợ chồng có bắt vuộc phải lập thành văn bản hay không? Tôi có thể tìm hiểu thông tin tại văn bản pháp luật nào? Mong nhận được sự phản hồi từ Ban biên tập. Xin chân thành cảm ơn!
Hồng Thanh (hongthanh*****@gmail.com)","Theo quy định tại Điều 47 Luật Hôn nhân và gia đình 2014 thì thỏa thuận xác lập chế độ tài sản của vợ chồng được quy định cụ thể như sau:

Trong trường hợp hai bên kết hôn lựa chọn chế độ tài sản theo thỏa thuận thì thỏa thuận này phải được lập trước khi kết hôn, bằng hình thức văn bản có công chứng hoặc chứng thực. Chế độ tài sản của vợ chồng theo thỏa thuận được xác lập kể từ ngày đăng ký kết hôn.

Điều 48 Luật Hôn nhân và gia đình 2014 quy định nội dung cơ bản của thỏa thuận về chế độ tài sản bao gồm:

- Tài sản được xác định là tài sản chung, tài sản riêng của vợ, chồng;

- Quyền, nghĩa vụ của vợ chồng đối với tài sản chung, tài sản riêng và giao dịch có liên quan; tài sản để bảo đảm nhu cầu thiết yếu của gia đình;

- Điều kiện, thủ tục và nguyên tắc phân chia tài sản khi chấm dứt chế độ tài sản;

- Nội dung khác có liên quan.

Khi thực hiện chế độ tài sản theo thỏa thuận mà phát sinh những vấn đề chưa được vợ chồng thỏa thuận hoặc thỏa thuận không rõ ràng thì áp dụng quy định tại các điều 29, 30, 31 và 32 của Luật Hôn nhân và gia đình 2014 và quy định tương ứng của chế độ tài sản theo luật định.

Căn cứ quy định mà Ban biên tập đã trích dẫn trên đây thì thỏa thuận xác lập chế độ tài sản của vợ chồng phải được lập bằng hình thức văn bản trước khi kết hôn và phải có công chứng hoặc chứng thực.

Trên đây là nội dung tư vấn về hình thức thỏa thuận về chế độ tài sản của vợ chồng. Để biết thêm thông tin chi tiết, bạn nên tham khảo thêm tại Luật Hôn nhân và gia đình 2014.

Trân trọng!",,,,,,,,,,,,,,,,,,,,
"Các trường hợp thỏa thuận về chế độ tài sản của vợ chồng bị vô hiệu được quy định như thế nào? Xin chào Ban biên tập, tôi là Ngọc Thanh, tôi đang có nhu cầu tìm hiểu các quy định của pháp luật liên quan đến lĩnh vực hôn nhân và gia đình. Tôi đang có thắc mắc cần Ban biên tập giải đáp giúp tôi. Cho tôi hỏi, các trường hợp thỏa thuận về chế độ tài sản của vợ chồng bị vô hiệu được quy định cụ thể ra sao? Tôi có thể tìm hiểu thông tin tại văn bản pháp luật nào? Mong nhận được sự phản hồi từ Ban biên tập. Xin chân thành cảm ơn!
Ngọc Thanh (ngocthanh*****@gmail.com)","Theo quy định tại Điều 50 Luật Hôn nhân và gia đình 2014 thì các trường hợp thỏa thuận về chế độ tài sản của vợ chồng bị vô hiệu được quy định cụ thể như sau:

- Thỏa thuận về chế độ tài sản của vợ chồng bị Tòa án tuyên bố vô hiệu khi thuộc một trong các trường hợp sau đây:

+ Không tuân thủ điều kiện có hiệu lực của giao dịch được quy định tại Bộ luật dân sự và các luật khác có liên quan;

+ Vi phạm một trong các quy định tại các điều 29, 30, 31 và 32 của Luật Hôn nhân và gia đình 2014, cụ thể như sau:

"" Điều 29. Nguyên tắc chung về chế độ tài sản của vợ chồng

1. Vợ, chồng bình đẳng với nhau về quyền, nghĩa vụ trong việc tạo lập, chiếm hữu, sử dụng, định đoạt tài sản chung; không phân biệt giữa lao động trong gia đình và lao động có thu nhập.

2. Vợ, chồng có nghĩa vụ bảo đảm điều kiện để đáp ứng nhu cầu thiết yếu của gia đình.

3. Việc thực hiện quyền, nghĩa vụ về tài sản của vợ chồng mà xâm phạm đến quyền, lợi ích hợp pháp của vợ, chồng, gia đình và của người khác thì phải bồi thường.

Điều 30. Quyền, nghĩa vụ của vợ, chồng trong việc đáp ứng nhu cầu thiết yếu của gia đình

1. Vợ, chồng có quyền, nghĩa vụ thực hiện giao dịch nhằm đáp ứng nhu cầu thiết yếu của gia đình.

2. Trong trường hợp vợ chồng không có tài sản chung hoặc tài sản chung không đủ để đáp ứng nhu cầu thiết yếu của gia đình thì vợ, chồng có nghĩa vụ đóng góp tài sản riêng theo khả năng kinh tế của mỗi bên.

Điều 31. Giao dịch liên quan đến nhà là nơi ở duy nhất của vợ chồng

Việc xác lập, thực hiện, chấm dứt các giao dịch liên quan đến nhà là nơi ở duy nhất của vợ chồng phải có sự thỏa thuận của vợ chồng. Trong trường hợp nhà ở thuộc sở hữu riêng của vợ hoặc chồng thì chủ sở hữu có quyền xác lập, thực hiện, chấm dứt giao dịch liên quan đến tài sản đó nhưng phải bảo đảm chỗ ở cho vợ chồng.

Điều 32. Giao dịch với người thứ ba ngay tình liên quan đến tài khoản ngân hàng, tài khoản chứng khoán và động sản khác mà theo quy định của pháp luật không phải đăng ký quyền sở hữu, quyền sử dụng.

1. Trong giao dịch với người thứ ba ngay tình thì vợ, chồng là người đứng tên tài khoản ngân hàng, tài khoản chứng khoán được coi là người có quyền xác lập, thực hiện giao dịch liên quan đến tài sản đó.

2. Trong giao dịch với người thứ ba ngay tình thì vợ, chồng đang chiếm hữu động sản mà theo quy định của pháp luật không phải đăng ký quyền sở hữu được coi là người có quyền xác lập, thực hiện giao dịch liên quan đến tài sản đó trong trường hợp Bộ luật dân sự có quy định về việc bảo vệ người thứ ba ngay tình.""

+ Nội dung của thỏa thuận vi phạm nghiêm trọng quyền được cấp dưỡng, quyền được thừa kế và quyền, lợi ích hợp pháp khác của cha, mẹ, con và thành viên khác của gia đình.

- Tòa án nhân dân tối cao chủ trì phối hợp với Viện kiểm sát nhân dân tối cao và Bộ Tư pháp hướng dẫn khoản 1 Điều 50 Luật Hôn nhân và gia đình 2014.

Trên đây là nội dung tư vấn về các trường hợp thỏa thuận về chế độ tài sản của vợ chồng bị vô hiệu. Để biết thêm thông tin chi tiết, bạn nên tham khảo thêm tại Luật Hôn nhân và gia đình 2014.

Trân trọng!",,,,,,,,,,,,,,,,,,,,
"Vợ chồng có được thỏa thuận với nhau về chế độ tài sản của vợ chồng không? Xin chào Ban biên tập, tôi là Đình Trung, tôi đang có nhu cầu tìm hiểu các quy định của pháp luật liên quan đến lĩnh vực hôn nhân và gia đình. Tôi đang có thắc mắc cần Ban biên tập giải đáp giúp tôi. Cho tôi hỏi, vợ chồng có được thỏa thuận với nhau về chế độ tài sản của vợ chồng không? Tôi có thể tìm hiểu thông tin tại văn bản pháp luật nào? Mong nhận được sự phản hồi từ Ban biên tập. Xin chân thành cảm ơn!
Đình Trung (dinhtrung*****@gmail.com)","Theo quy định tại Điều 28 Luật Hôn nhân và gia đình 2014 thì việc áp dụng chế độ tài sản của vợ chồng được quy định cụ thể như sau:

- Vợ chồng có quyền lựa chọn áp dụng chế độ tài sản theo luật định hoặc chế độ tài sản theo thỏa thuận.

Chế độ tài sản của vợ chồng theo luật định được thực hiện theo quy định tại các điều từ Điều 33 đến Điều 46 và từ Điều 59 đến Điều 64 của Luật Hôn nhân và gia đình 2014.

Chế độ tài sản của vợ chồng theo thỏa thuận được thực hiện theo quy định tại các điều 47, 48, 49, 50 và 59 của Luật Hôn nhân và gia đình 2014.

- Các quy định tại các điều 29, 30, 31 và 32 của Luật Hôn nhân và gia đình 2014 được áp dụng không phụ thuộc vào chế độ tài sản mà vợ chồng đã lựa chọn.

- Chính phủ quy định chi tiết về chế độ tài sản của vợ chồng.

Căn cứ quy định trên đây thì vợ chồng có quyền lựa chọn áp dụng chế độ tài sản theo luật định hoặc chế độ tài sản theo thỏa thuận.

Trên đây là nội dung tư vấn về việc áp dụng chế độ tài sản của vợ chồng. Để biết thêm thông tin chi tiết, bạn nên tham khảo thêm tại Luật Hôn nhân và gia đình 2014.

Trân trọng!",,,,,,,,,,,,,,,,,,,,
"Việc xác định tài sản của vợ chồng theo thỏa thuận được quy định như thế nào? Xin chào Ban biên tập, tôi là Phạm Quang Anh, tôi đang có nhu cầu tìm hiểu các quy định của pháp luật liên quan đến hôn nhân và gia đình, chế độ tài sản của vợ chồng, giải quyết các việc về hôn nhân và gia đình có yếu tố nước ngoài. Tôi đang có thắc mắc cần Ban biên tập giải đáp giúp tôi. Cho tôi hỏi, việc xác định tài sản của vợ chồng theo thỏa thuận được quy định cụ thể ra sao? Tôi có thể tìm hiểu thông tin tại văn bản pháp luật nào? Mong nhận được sự phản hồi từ Ban biên tập. Xin chân thành cảm ơn!
Phạm Quang Anh (quanganh*****@gmail.com)","Theo quy định tại Điều 15 Nghị định 126/2014/NĐ-CP hướng dẫn thi hành Luật Hôn nhân và gia đình thì việc xác định tài sản của vợ chồng theo thỏa thuận được quy định cụ thể như sau:

- Trường hợp lựa chọn áp dụng chế độ tài sản của vợ chồng theo thỏa thuận thì vợ chồng có thể thỏa thuận về xác định tài sản theo một trong các nội dung sau đây:

+ Tài sản giữa vợ và chồng bao gồm tài sản chung và tài sản riêng của vợ, chồng;

+ Giữa vợ và chồng không có tài sản riêng của vợ, chồng mà tất cả tài sản do vợ, chồng có được trước khi kết hôn hoặc trong thời kỳ hôn nhân đều thuộc tài sản chung;

+ Giữa vợ và chồng không có tài sản chung mà tất cả tài sản do vợ, chồng có được trước khi kết hôn và trong thời kỳ hôn nhân đều thuộc sở hữu riêng của người có được tài sản đó;

+ Xác định theo thỏa thuận khác của vợ chồng.

- Thỏa thuận về tài sản của vợ chồng phải phù hợp với quy định tại các Điều 29, 30, 31 và 32 của Luật Hôn nhân và gia đình 2014. Cụ thể là:

+ Nguyên tắc chung về chế độ tài sản của vợ chồng (Điều 29 Luật Hôn nhân và gia đình 2014):

++ Vợ, chồng bình đẳng với nhau về quyền, nghĩa vụ trong việc tạo lập, chiếm hữu, sử dụng, định đoạt tài sản chung; không phân biệt giữa lao động trong gia đình và lao động có thu nhập.

++ Vợ, chồng có nghĩa vụ bảo đảm điều kiện để đáp ứng nhu cầu thiết yếu của gia đình.

++ Việc thực hiện quyền, nghĩa vụ về tài sản của vợ chồng mà xâm phạm đến quyền, lợi ích hợp pháp của vợ, chồng, gia đình và của người khác thì phải bồi thường.

+ Quyền, nghĩa vụ của vợ, chồng trong việc đáp ứng nhu cầu thiết yếu của gia đình (Điều 30 Luật Hôn nhân và gia đình 2014):

++ Vợ, chồng có quyền, nghĩa vụ thực hiện giao dịch nhằm đáp ứng nhu cầu thiết yếu của gia đình.

++ Trong trường hợp vợ chồng không có tài sản chung hoặc tài sản chung không đủ để đáp ứng nhu cầu thiết yếu của gia đình thì vợ, chồng có nghĩa vụ đóng góp tài sản riêng theo khả năng kinh tế của mỗi bên.

+ Giao dịch liên quan đến nhà là nơi ở duy nhất của vợ chồng (Điều 31 Luật Hôn nhân và gia đình 2014):

Việc xác lập, thực hiện, chấm dứt các giao dịch liên quan đến nhà là nơi ở duy nhất của vợ chồng phải có sự thỏa thuận của vợ chồng. Trong trường hợp nhà ở thuộc sở hữu riêng của vợ hoặc chồng thì chủ sở hữu có quyền xác lập, thực hiện, chấm dứt giao dịch liên quan đến tài sản đó nhưng phải bảo đảm chỗ ở cho vợ chồng.

+ Giao dịch với người thứ ba ngay tình liên quan đến tài khoản ngân hàng, tài khoản chứng khoán và động sản khác mà theo quy định của pháp luật không phải đăng ký quyền sở hữu, quyền sử dụng (Điều 32 Luật Hôn nhân và gia đình 2014):

++ Trong giao dịch với người thứ ba ngay tình thì vợ, chồng là người đứng tên tài khoản ngân hàng, tài khoản chứng khoán được coi là người có quyền xác lập, thực hiện giao dịch liên quan đến tài sản đó.

++ Trong giao dịch với người thứ ba ngay tình thì vợ, chồng đang chiếm hữu động sản mà theo quy định của pháp luật không phải đăng ký quyền sở hữu được coi là người có quyền xác lập, thực hiện giao dịch liên quan đến tài sản đó trong trường hợp Bộ luật dân sự có quy định về việc bảo vệ người thứ ba ngay tình.

- Nếu vi phạm, người có quyền, lợi ích liên quan có quyền yêu cầu Tòa án tuyên bố thỏa thuận vô hiệu theo quy định tại Điều 50 của Luật Hôn nhân và gia đình 2014, cụ thể là:

+ Thỏa thuận về chế độ tài sản của vợ chồng bị Tòa án tuyên bố vô hiệu khi thuộc một trong các trường hợp sau đây:

++ Không tuân thủ điều kiện có hiệu lực của giao dịch được quy định tại Bộ luật dân sự và các luật khác có liên quan;

++ Vi phạm một trong các quy định tại các điều 29, 30, 31 và 32 của Luật Hôn nhân và gia đình 2014 đã trích dẫn ở trên;

++ Nội dung của thỏa thuận vi phạm nghiêm trọng quyền được cấp dưỡng, quyền được thừa kế và quyền, lợi ích hợp pháp khác của cha, mẹ, con và thành viên khác của gia đình.

+ Tòa án nhân dân tối cao chủ trì phối hợp với Viện kiểm sát nhân dân tối cao và Bộ Tư pháp hướng dẫn khoản 1 Điều 50 của Luật Hôn nhân và gia đình 2014.

Trên đây là nội dung tư vấn về việc xác định tài sản của vợ chồng theo thỏa thuận. Để biết thêm thông tin chi tiết, bạn nên tham khảo thêm tại Nghị định 126/2014/NĐ-CP.

Trân trọng!",,,,,,,,,,,,,,,,,,,,
"Việc sửa đổi, bổ sung nội dung của chế độ tài sản của vợ chồng theo thỏa thuận được quy định như thế nào? Xin chào Ban biên tập, tôi là Phạm Quang Anh, tôi đang có nhu cầu tìm hiểu các quy định của pháp luật liên quan đến hôn nhân và gia đình, chế độ tài sản của vợ chồng, giải quyết các việc về hôn nhân và gia đình có yếu tố nước ngoài. Tôi đang có thắc mắc cần Ban biên tập giải đáp giúp tôi. Cho tôi hỏi, việc sửa đổi, bổ sung nội dung của chế độ tài sản của vợ chồng theo thỏa thuận được quy định cụ thể ra sao? Tôi có thể tìm hiểu thông tin tại văn bản pháp luật nào? Mong nhận được sự phản hồi từ Ban biên tập. Xin chân thành cảm ơn!
Phạm Quang Anh (quanganh*****@gmail.com)","Theo quy định tại Điều 17 Nghị định 126/2014/NĐ-CP hướng dẫn thi hành Luật Hôn nhân và gia đình thì việc sửa đổi, bổ sung nội dung của chế độ tài sản của vợ chồng theo thỏa thuận được quy định cụ thể như sau:

- Trong trường hợp chế độ tài sản của vợ chồng theo thỏa thuận được áp dụng thì trong thời kỳ hôn nhân, vợ chồng có quyền thỏa thuận sửa đổi, bổ sung một phần hoặc toàn bộ nội dung của chế độ tài sản đó hoặc áp dụng chế độ tài sản theo luật định.

- Thỏa thuận sửa đổi, bổ sung nội dung của chế độ tài sản của vợ chồng phải được công chứng hoặc chứng thực theo quy định của pháp luật.

Theo quy định tại Điều 18 Nghị định 126/2014/NĐ-CP thì thỏa thuận sửa đổi, bổ sung nội dung của chế độ tài sản của vợ chồng có hiệu lực từ ngày được công chứng hoặc chứng thực. Vợ, chồng có nghĩa vụ cung cấp cho người thứ ba biết về những thông tin liên quan theo quy định tại Điều 16 của Nghị định 126/2014/NĐ-CP. Quyền, nghĩa vụ về tài sản phát sinh trước thời điểm việc sửa đổi, bổ sung chế độ tài sản của vợ chồng có hiệu lực vẫn có giá trị pháp lý, trừ trường hợp các bên có thỏa thuận khác.

Trên đây là nội dung tư vấn về việc sửa đổi, bổ sung nội dung của chế độ tài sản của vợ chồng theo thỏa thuận. Để biết thêm thông tin chi tiết, bạn nên tham khảo thêm tại Nghị định 126/2014/NĐ-CP.

Trân trọng!",,,,,,,,,,,,,,,,,,,,
"Hậu quả của việc sửa đổi, bổ sung nội dung của chế độ tài sản của vợ chồng theo thỏa thuận được quy định như thế nào? Xin chào Ban biên tập, tôi là Nguyễn Hồng Quân, tôi đang có nhu cầu tìm hiểu các quy định của pháp luật liên quan đến hôn nhân và gia đình, chế độ tài sản của vợ chồng, giải quyết các việc về hôn nhân và gia đình có yếu tố nước ngoài. Tôi đang có thắc mắc cần Ban biên tập giải đáp giúp tôi. Cho tôi hỏi, hậu quả của việc sửa đổi, bổ sung nội dung của chế độ tài sản của vợ chồng theo thỏa thuận được quy định cụ thể ra sao? Tôi có thể tìm hiểu thông tin tại văn bản pháp luật nào? Mong nhận được sự phản hồi từ Ban biên tập. Xin chân thành cảm ơn!
Nguyễn Hồng Quân (hongquan*****@gmail.com)","Theo quy định tại Điều 18 Nghị định 126/2014/NĐ-CP hướng dẫn thi hành Luật Hôn nhân và gia đình thì hậu quả của việc sửa đổi, bổ sung nội dung của chế độ tài sản của vợ chồng theo thỏa thuận được quy định cụ thể như sau:

- Thỏa thuận sửa đổi, bổ sung nội dung của chế độ tài sản của vợ chồng có hiệu lực từ ngày được công chứng hoặc chứng thực. Vợ, chồng có nghĩa vụ cung cấp cho người thứ ba biết về những thông tin liên quan theo quy định tại Điều 16 của Nghị định này.

- Quyền, nghĩa vụ về tài sản phát sinh trước thời điểm việc sửa đổi, bổ sung chế độ tài sản của vợ chồng có hiệu lực vẫn có giá trị pháp lý, trừ trường hợp các bên có thỏa thuận khác.

Theo quy định tại Điều 17 Nghị định 126/2014/NĐ-CP thì trong trường hợp chế độ tài sản của vợ chồng theo thỏa thuận được áp dụng thì trong thời kỳ hôn nhân, vợ chồng có quyền thỏa thuận sửa đổi, bổ sung một phần hoặc toàn bộ nội dung của chế độ tài sản đó hoặc áp dụng chế độ tài sản theo luật định. Thỏa thuận sửa đổi, bổ sung nội dung của chế độ tài sản của vợ chồng phải được công chứng hoặc chứng thực theo quy định của pháp luật.

Trên đây là nội dung tư vấn về hậu quả của việc sửa đổi, bổ sung nội dung của chế độ tài sản của vợ chồng theo thỏa thuận. Để biết thêm thông tin chi tiết, bạn nên tham khảo thêm tại Nghị định 126/2014/NĐ-CP.

Trân trọng!",,,,,,,,,,,,,,,,,,,,
Nội dung của thỏa thuận về chế độ tài sản của vợ chồng được quy định như thế nào?,"Nội dung của thỏa thuận về chế độ tài sản của vợ chồng do các bên thỏa thuận nhưng phải có những nội dung cơ bản theo Điều 48 Luật Hôn nhân và Gia đình 2014. Cụ thể nội dung cơ bản như sau:

- Tài sản được xác định là tài sản chung, tài sản riêng của vợ, chồng;

- Quyền, nghĩa vụ của vợ chồng đối với tài sản chung, tài sản riêng và giao dịch có liên quan; tài sản để bảo đảm nhu cầu thiết yếu của gia đình;

- Điều kiện, thủ tục và nguyên tắc phân chia tài sản khi chấm dứt chế độ tài sản;

- Nội dung khác có liên quan.",,,,,,,,,,,,,,,,,,,,
"Công chứng hoặc chứng thực thỏa thuận về chế độ tài sản của vợ chồng xong thì vợ, chồng có thể sửa đổi, bổ sung nội dung của thỏa thuận không?","Theo Điều 49 Luật Hôn nhân và Gia đình 2014 và Điều 17 Nghị định 126/2014/NĐ-CP của Chính phủ thì trong thời kỳ hôn nhân, vợ chồng có quyền thỏa thuận sửa đổi, bổ sung một phần hoặc toàn bộ nội dung của chế độ tài sản đó, hoặc áp dụng chế độ tài sản theo luật định.

Việc sửa đổi, bổ sung nội dung của thỏa thuận về chế độ tài sản theo thỏa thuận cũng phải được thực hiện bằng hình thức văn bản có công chứng hoặc chứng thực. Thỏa thuận sửa đổi, bổ sung nội dung của chế độ tài sản của vợ chồng có hiệu lực từ ngày được công chứng hoặc chứng thực. Quyền, nghĩa vụ về tài sản phát sinh trước thời điểm việc sửa đổi, bổ sung chế độ tài sản của vợ chồng có hiệu lực vẫn có giá trị pháp lý, trừ trường hợp các bên có thỏa thuận khác.",,,,,,,,,,,,,,,,,,,,
Thỏa thuận về chế độ tài sản của vợ chồng bị vô hiệu thì giải quyết như thế nào?,"Theo Điều 50 Luật Hôn nhân và Gia đình 2014 và Điều 6 Thông tư liên tịch 01/2016/TTLT-TANDTC-VKSNDTC-BTP thì thỏa thuận về chế độ tài sản của vợ chồng có thể bị Tòa án tuyên bố vô hiệu toàn bộ hoặc vô hiệu một phần.

Trường hợp thỏa thuận về chế độ tài sản của vợ chồng bị Tòa án tuyên bố vô hiệu toàn bộ thì chế độ tài sản của vợ chồng theo luật định được áp dụng.

Trường hợp thỏa thuận về chế độ tài sản của vợ chồng bị tuyên bố vô hiệu một phần thì các nội dung không bị vô hiệu vẫn được áp dụng; đối với phần nội dung bị vô hiệu thì các quy định tương ứng về chế độ tài sản của vợ chồng theo luật định được áp dụng.",,,,,,,,,,,,,,,,,,,,
"Tòa án nào giải quyết yêu cầu tuyên bố vô hiệu thỏa thuận về chế độ tài sản của vợ chồng? Hiện chúng tôi đang ly thân, hồi còn sống hạnh phúc, chúng tôi có lập một văn bản thỏa thuận về chế độ tài sản của vợ chồng. Nhưng tôi phát hiện anh ấy gian dối. Nay tôi muốn yêu cầu tuyên bố vô hiệu thỏa thuận đó, cho tôi hỏi Tòa án nào giải quyết yêu cầu tuyên bố vô hiệu thỏa thuận về chế độ tài sản của vợ chồng? Và văn bản pháp luật nào quy định về điều này? Mong Ban biên tập Thư Ký Luật trả lời giúp tôi. Xin cám ơn! Linh, Phúc Kiến.","Nội dung mà bạn hỏi liên quan tới thẩm quyền giải quyết việc dân sự của Tòa án theo lãnh thổ được quy định tại Bộ luật tố tụng dân sự 2015 (Có hiệu lực từ ngày 01/07/2016).

Theo đó, Tòa án nơi cư trú, làm việc của người yêu cầu có thẩm quyền giải quyết yêu cầu tuyên bố vô hiệu thỏa thuận về chế độ tài sản của vợ chồng theo quy định của pháp luật hôn nhân và gia đình; xác định cha, mẹ cho con hoặc con cho cha, mẹ theo quy định của pháp luật về hôn nhân và gia đình.

(Điểm t Khoản 2 Điều 39 Bộ luật tố tụng dân sự 2015)

Trên đây là trả lời của Ban biên tập Thư Ký Luật về thẩm quyền giải quyết việc  dân sự của Tòa án theo lãnh thổ được quy định tại Bộ luật tố tụng dân sự 2015 . Bạn vui lòng tham khảo văn bản này để có thể hiểu rõ hơn.

Trân trọng!",,,,,,,,,,,,,,,,,,,,
"Chào bạn. Tôi đã có một đời vợ và có một con riêng. Tôi và cô ấy đã ly hôn năm 2013. Sau khi ly hôn tôi được chia hai căn nhà. Hiện nay, tôi muốn kết hôn với một cô bạn mới nhưng tôi muốn giữ 01 căn nhà đó cho con trai tôi còn 01 căn nhà nữa tôi muốn sẽ là tài sản chung sau khi tôi kết hôn với cô ấy. Cho tôi hỏi có thể thỏa thuận trước khi kết hôn như vậy có được không? Có cần làm thủ tục công chứng, chứng thực không?","Theo quy định tại 1 Điều 28 của Luật hôn nhân và gia đình về áp dụng chế độ tài sản của vợ chồng: Vợ chồng có quyền lựa chọn áp dụng chế độ tài sản theo luật định hoặc chế độ tài sản theo thỏa thuận.

Theo Điều 47 của Luật hôn nhân và gia đình về thỏa thuận xác lập chế độ tài sản của vợ chồng: Trong trường hợp hai bên kết hôn lựa chọn chế độ tài sản theo thỏa thuận thì thỏa thuận này phải được lập trước khi kết hôn, bằng hình thức văn bản có công chứng hoặc chứng thực. Chế độ tài sản của vợ chồng theo thỏa thuận được xác lập kể từ ngày đăng ký kết hôn.

Vì hai bạn chưa kết hôn, theo quy định trên, bạn có thể lựa chọn chế độ tài sản của vợ, chồng theo thỏa thuận. Việc bạn lựa chọn chế độ tài sản của vợ, chồng theo thỏa thuận  thì phải được lập bằng hình thức văn bản và phải có công chứng hoặc chứng thực mới có hiệu lực pháp lý. Do vậy bạn có thể đến Phòng công chứng hoặc Văn phòng Công chứng để làm thủ tục công chứng hoặc UBND cấp xã hoặc Phòng Tư pháp để làm thủ tục chứng thực.",,,,,,,,,,,,,,,,,,,,
Cung cấp thông tin về chế độ tài sản của vợ chồng theo thỏa thuận trong giao dịch với người thứ ba được quy định như thế nào?,"Cung cấp thông tin về chế độ tài sản của vợ chồng theo thỏa thuận trong giao dịch với người thứ ba:

Trường hợp chế độ tài sản của vợ chồng theo thỏa thuận được áp dụng thì khi xác lập, thực hiện giao dịch vợ, chồng có nghĩa vụ cung cấp cho người thứ ba biết về những thông tin liên quan; nếu vợ, chồng vi phạm nghĩa vụ này thì người thứ ba được coi là ngay tình và được bảo vệ quyền lợi theo quy định của Bộ luật Dân sự.",,,,,,,,,,,,,,,,,,,,
